country,continent,date,total_cases,total_deaths,total_cases_per_million,total_deaths_per_million,population,population_density,median_age,life_expectancy,gdp_per_capita,diabetes_prevalence,hospital_beds_per_thousand,people_vaccinated_per_hundred,people_fully_vaccinated_per_hundred,case_fatality_rate,vaccination_status
Afghanistan,Asia,2026-07-19,235214.0,7998.0,5796.4683,197.09776,40578847.0,62.21554946899414,16.75200080871582,65.61699676513672,1964.4522705078125,11.699999809265137,0.3499999940395355,,,3.400307804807537,No Data
Africa,,2026-07-19,13064432.0,258288.0,9233.474,182.54872,1445862695.0,48.32152938842773,18.893999099731445,62.920501708984375,,,,,,1.9770319903689653,No Data
Albania,Europe,2026-07-19,337234.0,3608.0,119264.51,1275.9874,2827614.0,103.19759368896484,35.94300079345703,78.768798828125,22724.29296875,10.600000381469728,2.900000095367432,,,1.069880261183629,No Data
Algeria,Africa,2026-07-19,272440.0,6881.0,5990.669,151.30595,45477391.0,19.094181060791016,27.982999801635746,76.12889862060547,15882.7138671875,17.5,1.6100000143051147,,,2.5256937307297016,No Data
American Samoa,Oceania,2026-07-19,8359.0,34.0,172831.6,702.9877,48365.0,241.8249969482422,27.927000045776367,72.7520980834961,,,,,,0.40674721856681423,No Data
Andorra,Europe,2026-07-19,48015.0,159.0,602280.44,1994.4307,79722.0,169.62127685546875,42.83200073242188,84.01640319824219,67993.0546875,10.100000381469728,,,,0.331146516713527,No Data
Angola,Africa,2026-07-19,107487.0,1937.0,3016.3298,54.35663,35635028.0,28.58348274230957,16.389999389648438,64.24549865722656,8760.1904296875,4.900000095367432,0.75,,,1.8020783908751756,No Data
Anguilla,North America,2026-07-19,3904.0,12.0,274890.88,844.9514,14202.0,157.8000030517578,37.77299880981445,79.11940002441406,,,,,,0.3073770491803279,No Data
Antigua and Barbuda,North America,2026-07-19,9106.0,146.0,98072.16,1572.4286,92850.0,211.0227203369141,35.071998596191406,77.4832992553711,30620.306640625,11.600000381469728,3.4200000762939453,,,1.6033384581594552,No Data
Argentina,South America,2026-07-19,10119594.0,130850.0,222859.75,2881.657,45407904.0,16.59227180480957,31.73900032043457,75.80609893798828,27846.59765625,14.0,3.359999895095825,,,1.2930360644903343,No Data
Armenia,Asia,2026-07-19,454903.0,8785.0,157904.19,3049.4155,2880880.0,101.19002532958984,35.814998626708984,74.63330078125,21153.478515625,7.699999809265137,4.239999771118164,,,1.931180933078041,No Data
Aruba,North America,2026-07-19,44224.0,292.0,410271.62,2708.921,107792.0,598.8444213867188,40.766998291015625,76.22579956054688,45428.00390625,4.599999904632568,,,,0.66027496382055,No Data
Asia,,2026-07-19,302204311.0,1637901.0,64097.777,347.40012,4746329727.0,152.5875244140625,31.334999084472656,74.42780303955078,,,,,,0.5419846575252859,No Data
Asia excl. China,,2026-07-19,202822550.0,1515503.0,61656.44,460.70087,,,,,,,,,,0.7472063633949972,No Data
Australia,Oceania,2026-07-19,11861161.0,25236.0,452699.0,963.1698,26200987.0,3.4062557220458984,37.512001037597656,82.76619720458984,60194.0625,7.400000095367432,3.819999933242798,,,0.2127616343796362,No Data
Austria,Europe,2026-07-19,6083792.0,22534.0,671153.7,2485.9128,9064678.0,109.84825134277344,42.83200073242188,81.2958984375,63970.40234375,5.400000095367432,6.699999809265137,,,0.3703939911160671,No Data
Azerbaijan,Asia,2026-07-19,836510.0,10353.0,81251.586,1005.6038,10295307.0,124.56511688232422,32.0620002746582,74.125,22314.216796875,10.199999809265137,3.680000066757202,,,1.2376421082832243,No Data
Bahamas,North America,2026-07-19,39127.0,849.0,98422.305,2135.6233,397542.0,39.71448516845703,34.23400115966797,74.49109649658203,36244.05078125,8.899999618530273,2.1700000762939453,,,2.1698571319038003,No Data
Bahrain,Asia,2026-07-19,696614.0,1536.0,454275.94,1001.6564,1533460.0,1941.088623046875,31.683000564575195,80.99210357666016,60669.62890625,22.100000381469727,1.840000033378601,,,0.22049513790994724,No Data
Bangladesh,Asia,2026-07-19,2052280.0,29531.0,12116.075,174.34259,169384891.0,1301.259033203125,24.989999771118164,74.26470184326172,8676.755859375,13.199999809265137,0.9200000166893004,,,1.4389362075350343,No Data
Barbados,North America,2026-07-19,109141.0,593.0,386580.66,2100.4236,282324.0,656.5674438476562,38.652000427246094,75.67610168457031,22127.361328125,13.199999809265137,6.400000095367432,,,0.5433338525393756,No Data
Belarus,Europe,2026-07-19,994102.0,7118.0,108369.78,775.95264,9173240.0,45.19950866699219,40.19200134277344,74.36119842529297,29666.2109375,5.099999904632568,9.770000457763672,,,0.7160231042689784,No Data
Belgium,Europe,2026-07-19,4908331.0,34339.0,421612.22,2949.6262,11641814.0,384.4720458984375,41.1510009765625,81.15889739990234,63488.421875,5.900000095367432,5.420000076293945,,,0.6996064446346426,No Data
Belize,North America,2026-07-19,71499.0,688.0,177530.97,1708.294,402741.0,17.656335830688477,25.520999908447266,72.19039916992188,12788.8427734375,14.100000381469728,1.0,,,0.9622512202967873,No Data
Benin,Africa,2026-07-19,28036.0,163.0,2037.573,11.8463545,13759507.0,122.02471923828124,17.645999908447266,60.47510147094727,4116.21533203125,8.100000381469727,0.4300000071525574,,,0.5813953488372093,No Data
Bermuda,North America,2026-07-19,18860.0,165.0,291175.2,2547.397,64772.0,1199.4814453125,44.70299911499024,82.06159973144531,104299.9453125,13.399999618530272,,,,0.8748674443266171,No Data
Bhutan,Asia,2026-07-19,62961.0,21.0,80624.03,26.891325,780921.0,20.47511863708496,28.809999465942383,72.75399780273438,16743.87109375,12.0,2.1600000858306885,,,0.03335398103587935,No Data
Bolivia,South America,2026-07-19,1212187.0,22389.0,100370.234,1853.8304,12077156.0,11.148487091064451,24.392000198364254,67.43419647216797,11000.5341796875,3.400000095367432,1.4900000095367432,,,1.8469922544953874,No Data
Bonaire Sint Eustatius and Saba,North America,2026-07-19,11922.0,41.0,416067.56,1430.8647,28654.0,88.98757934570312,39.77299880981445,78.15450286865234,,,,,,0.3439020298607616,No Data
Bosnia and Herzegovina,Europe,2026-07-19,404289.0,16419.0,126151.01,5123.2495,3204802.0,62.593788146972656,44.55899810791016,76.7771987915039,21178.2265625,10.300000190734863,2.3499999046325684,,,4.061203742867107,No Data
Botswana,Africa,2026-07-19,330699.0,2801.0,135538.2,1148.0002,2439895.0,4.305215835571289,22.60400009155273,68.74870300292969,17687.205078125,4.599999904632568,2.359999895095825,,,0.8469937919376835,No Data
Brazil,South America,2026-07-19,38042729.0,704045.0,180891.9,3347.7107,210306411.0,25.161867141723636,33.50600051879883,74.87190246582031,20024.697265625,10.600000381469728,2.5199999809265137,,,1.850669020090541,No Data
British Virgin Islands,North America,2026-07-19,7661.0,64.0,199786.16,1669.0137,38346.0,255.63999938964844,37.119998931884766,77.177001953125,,,,,,0.8354000783187574,No Data
Brunei,Asia,2026-07-19,350550.0,182.0,769806.8,399.67148,455374.0,86.40872955322266,31.275999069213867,72.91709899902344,78985.125,13.699999809265137,3.5799999237060547,,,0.051918413920981316,No Data
Bulgaria,Europe,2026-07-19,1341082.0,38778.0,196470.72,5681.0405,6825862.0,62.87639999389648,44.15399932861328,74.0342025756836,35325.53125,7.400000095367432,8.199999809265137,,,2.8915457816897105,No Data
Burkina Faso,Africa,2026-07-19,22231.0,400.0,987.6477,17.77064,22509038.0,82.2698745727539,17.041000366210938,60.70000076293945,2624.82861328125,4.5,0.2000000029802322,,,1.79928928073411,No Data
Burundi,Africa,2026-07-19,54569.0,15.0,4096.433,1.126033,13321102.0,518.7344970703125,15.67199993133545,62.88190078735352,1066.512939453125,4.300000190734863,0.6899999976158142,,,0.02748813428869871,No Data
Cambodia,Asia,2026-07-19,139326.0,3056.0,8099.5386,177.65665,17201721.0,97.44913482666016,25.59600067138672,70.52799987792969,7300.08056640625,7.5,0.7300000190734863,,,2.1934168784002983,No Data
Cameroon,Africa,2026-07-19,125325.0,1974.0,4535.376,71.43692,27632770.0,58.45607376098633,17.62299919128418,62.44279861450195,4945.95654296875,6.900000095367432,2.650000095367432,,,1.5751047277079593,No Data
Canada,North America,2026-07-19,4819055.0,55282.0,124134.44,1424.0135,38821259.0,4.417178630828857,40.25299835205078,81.24929809570312,57989.578125,7.699999809265137,2.539999961853028,,,1.1471543694770032,No Data
Cape Verde,Africa,2026-07-19,64550.0,417.0,124194.32,802.3088,519750.0,128.97023010253906,27.32200050354004,75.90679931640625,10395.7412109375,6.800000190734863,2.2100000381469727,,,0.6460108443067389,No Data
Cayman Islands,North America,2026-07-19,31472.0,37.0,439491.7,516.6876,71610.0,298.375,37.499000549316406,79.98410034179688,80996.6484375,11.100000381469728,,,,0.1175648195221149,No Data
Central African Republic,Africa,2026-07-19,15493.0,113.0,3039.0122,22.16539,5098038.0,8.183309555053711,14.29800033569336,18.817699432373047,1122.7608642578125,7.599999904632568,1.0,,,0.7293616471955077,No Data
Chad,Africa,2026-07-19,7702.0,194.0,417.33228,10.511874,18455319.0,14.656384468078612,15.10200023651123,54.52750015258789,2480.509521484375,7.300000190734863,0.1500000059604644,,,2.5188262788886004,No Data
Chile,South America,2026-07-19,5410530.0,62893.0,276710.53,3216.5342,19553033.0,26.29750061035156,35.5260009765625,79.17620086669922,30863.421875,12.199999809265137,1.940000057220459,,,1.162418469170303,No Data
China,Asia,2026-07-19,99381761.0,122398.0,69732.8,85.882515,1425179562.0,151.8052520751953,38.53400039672852,78.20210266113281,25066.521484375,11.899999618530272,5.630000114440918,,,0.12315941956391778,No Data
Colombia,South America,2026-07-19,6404346.0,142817.0,123784.31,2760.3918,51737944.0,46.63176727294922,31.18099975585937,76.50810241699219,18778.6484375,8.399999618530273,1.7000000476837158,,,2.2300013147322146,No Data
Comoros,Africa,2026-07-19,9109.0,160.0,10919.562,191.8026,834191.0,448.248779296875,20.101999282836918,66.48059844970703,3621.766357421875,10.800000190734863,,,,1.7565045559336918,No Data
Congo,Africa,2026-07-19,25234.0,389.0,4181.2036,64.45622,6035104.0,17.672340393066406,18.20199966430664,65.00029754638672,6194.08984375,8.100000381469727,,,,1.541570896409606,No Data
Cook Islands,Oceania,2026-07-19,7375.0,2.0,500101.72,135.6208,14747.0,61.44583511352539,34.10900115966797,75.07869720458984,,,,,,0.02711864406779661,No Data
Costa Rica,North America,2026-07-19,1242945.0,9396.0,244589.28,1848.9642,5081764.0,99.5253448486328,33.5359992980957,79.31639862060547,28443.412109375,9.800000190734863,1.1399999856948853,,,0.7559465623981753,No Data
Cote d'Ivoire,Africa,2023-02-19,,,,,30395004.0,95.58177185058594,17.992000579833984,61.562198638916016,7014.845703125,5.0,,44.64014,40.020737,,Medium
Croatia,Europe,2026-07-19,1371705.0,18806.0,351086.28,4813.3735,3907031.0,69.81828308105469,44.61100006103516,78.27790069580078,44172.04296875,10.5,5.599999904632568,,,1.370994492255988,No Data
Cuba,North America,2026-07-19,1113834.0,8530.0,100709.94,771.26013,11059822.0,106.54934692382812,41.505001068115234,77.62909698486328,,9.399999618530272,4.329999923706055,,,0.7658232734859952,No Data
Curacao,North America,2026-07-19,45883.0,305.0,247547.88,1645.5355,185350.0,417.4549560546875,37.95399856567383,76.72869873046875,28762.05859375,13.399999618530272,,,,0.6647342152867075,No Data
Cyprus,Europe,2026-07-19,718930.0,1364.0,764513.3,1450.4836,1331376.0,144.08831787109375,37.3390007019043,80.43370056152344,54103.26171875,10.0,2.150000095367432,,,0.1897263989540011,No Data
Czechia,Europe,2026-07-19,4887551.0,43995.0,457926.75,4122.0005,10673216.0,138.27767944335938,42.64500045776367,79.16480255126953,49292.48828125,7.599999904632568,6.539999961853027,,,0.9001440598778406,No Data
Democratic Republic of Congo,Africa,2026-07-19,101010.0,1474.0,986.45496,14.394957,102396974.0,45.16749954223633,15.765999794006348,60.97890090942383,1640.566162109375,7.699999809265137,,,,1.4592614592614592,No Data
Denmark,Europe,2026-07-19,3453741.0,10012.0,585092.1,1696.1152,5902901.0,147.57252502441406,41.21599960327149,81.29060363769531,72723.2734375,6.400000095367432,2.430000066757202,,,0.2898885585224833,No Data
Djibouti,Africa,2026-07-19,15690.0,189.0,13798.247,166.21214,1137101.0,49.05526351928711,24.084999084472656,65.54019927978516,7222.5498046875,6.5,1.399999976158142,,,1.2045889101338432,No Data
Dominica,North America,2026-07-19,16047.0,74.0,240055.66,1107.0055,66847.0,89.12933349609375,35.29499816894531,71.08059692382812,19409.291015625,12.899999618530272,3.9700000286102295,,,0.4611453854302985,No Data
Dominican Republic,North America,2026-07-19,661103.0,4384.0,58865.52,390.3574,11230734.0,236.2823028564453,27.316999435424805,74.21080017089844,24543.341796875,17.600000381469727,0.75,,,0.6631341863522022,No Data
East Timor,Asia,2026-07-19,23460.0,138.0,17132.854,100.781494,1369299.0,92.08466339111328,20.63999938964844,67.36840057373047,4109.904296875,3.200000047683716,0.3799999952316284,,,0.5882352941176471,No Data
Ecuador,South America,2026-07-19,1082356.0,36064.0,60724.98,2023.3507,17823900.0,71.76638793945312,27.975000381469727,76.57669830322266,14319.240234375,4.900000095367432,1.3200000524520874,,,3.3319905835048726,No Data
Egypt,Africa,2026-07-19,516023.0,24830.0,4582.0547,220.47935,112618252.0,113.1330108642578,23.8129997253418,71.00969696044922,17265.1484375,22.399999618530277,1.059999942779541,,,4.8118010243729445,No Data
El Salvador,North America,2026-07-19,202077.0,4230.0,32176.248,673.53296,6280316.0,303.10406494140625,26.51000022888184,71.96949768066406,12050.0283203125,12.699999809265137,1.2100000381469729,,,2.0932614795350286,No Data
England,,2023-12-08,,,,,,,,,,,,,,,No Data
England and Wales,,2023-12-31,,,,,,,,,,,,,,,No Data
Equatorial Guinea,Africa,2026-07-19,17130.0,183.0,9497.939,101.466606,1803549.0,64.29764556884766,21.016000747680664,63.35449981689453,13786.3935546875,8.199999809265137,,,,1.0683012259194395,No Data
Eritrea,Africa,2026-07-19,10189.0,103.0,2988.4585,30.210152,3409450.0,28.167768478393555,18.405000686645508,67.78919982910156,,4.400000095367432,1.0199999809265137,,,1.0108941014819903,No Data
Estonia,Europe,2026-07-19,617861.0,3440.0,457643.28,2547.9727,1350093.0,31.58112335205078,41.625,78.16739654541016,41604.32421875,6.900000095367432,4.130000114440918,,,0.556759530056113,No Data
Eswatini,Africa,2026-07-19,75356.0,1427.0,61821.89,1170.7075,1218921.0,70.86750030517578,21.76799964904785,63.02830123901367,10706.77734375,7.900000095367432,2.0199999809265137,,,1.8936780083868572,No Data
Ethiopia,Africa,2026-07-19,501339.0,7574.0,3998.4197,60.406296,125384285.0,111.10001373291016,18.527999877929688,66.89710235595703,3094.8681640625,4.400000095367432,0.3300000131130218,,,1.5107542002517258,No Data
Europe,,2026-07-19,254960114.0,2111758.0,340899.0,2823.564,748314268.0,33.80024719238281,41.92599868774414,78.18270111083984,,,,,,0.8282699465689759,No Data
European Union (27),,2026-07-19,186984090.0,1271056.0,416703.22,2832.6106,449113463.0,112.37439727783205,,,55086.98828125,7.562985420227051,5.143334865570068,,,0.6797669256245278,No Data
Falkland Islands,South America,2026-07-19,1923.0,0.0,547083.94,0.0,3515.0,0.28882497549057,40.935001373291016,79.0447998046875,,,,,,0.0,No Data
Faroe Islands,Europe,2026-07-19,34658.0,28.0,641351.6,518.1443,54039.0,39.44452667236328,37.53799819946289,79.26370239257812,72113.6484375,5.300000190734863,,,,0.08078942812626233,No Data
Fiji,Oceania,2026-07-19,69047.0,885.0,75097.78,962.555,919428.0,50.324466705322266,27.475000381469727,67.14810180664062,13961.1181640625,16.600000381469727,1.8899999856948853,,,1.2817356293539184,No Data
Finland,Europe,2026-07-19,1518764.0,11466.0,272702.84,2058.7866,5569300.0,18.323217391967773,42.5260009765625,81.24349975585938,55735.21875,6.900000095367432,2.609999895095825,,,0.7549560036977437,No Data
France,Europe,2026-07-19,39060935.0,168207.0,607693.0,2616.8914,66277412.0,121.04203033447266,41.56700134277344,82.47530364990234,55124.5390625,6.5,5.650000095367432,,,0.4306271726470449,No Data
French Guiana,South America,2026-07-19,98041.0,413.0,328644.84,1384.4241,298319.0,3.60245132446289,25.23500061035156,76.79419708251953,,,,,,0.42125233320753563,No Data
French Polynesia,Oceania,2026-07-19,79451.0,650.0,283360.9,2318.216,280388.0,80.78018188476562,34.15999984741211,83.8593978881836,,22.799999237060547,,,,0.8181143094485909,No Data
Gabon,Africa,2026-07-19,49069.0,307.0,20186.773,126.29847,2430750.0,9.43357753753662,21.475000381469727,67.71299743652344,18986.474609375,8.5,1.950000047683716,,,0.6256495954676068,No Data
Gambia,Africa,2026-07-19,12627.0,372.0,4789.355,141.09766,2636472.0,260.5209350585937,17.985000610351562,64.85900115966797,3166.621337890625,5.5,1.1100000143051147,,,2.9460679496317415,No Data
Georgia,Asia,2026-07-19,1864337.0,17151.0,491289.62,4519.6274,3794782.0,54.60903549194336,36.63399887084961,74.14089965820312,25135.783203125,6.699999809265137,4.039999961853027,,,0.9199517040105947,No Data
Germany,Europe,2026-07-19,38437953.0,174979.0,457125.44,2080.9473,84086227.0,240.66580200195312,45.02399826049805,80.57959747314453,62823.7734375,7.800000190734863,7.550000190734863,,,0.45522455371127596,No Data
Ghana,Africa,2026-07-19,172843.0,1463.0,5214.1,44.133858,33149152.0,145.68942260742188,20.73600006103516,65.24600219726562,7357.83349609375,2.700000047683716,0.6899999976158142,,,0.8464328899637243,No Data
Gibraltar,Europe,2026-07-19,20550.0,113.0,546092.3,3002.8435,37631.0,3763.10009765625,38.948001861572266,83.5167007446289,,,,,,0.5498783454987834,No Data
Greece,Europe,2026-07-19,5867249.0,40254.0,563482.3,3865.9375,10412481.0,80.77952575683594,45.39099884033203,79.94409942626953,38218.72265625,8.0,4.269999980926514,,,0.68607962607348,No Data
Greenland,North America,2026-07-19,11971.0,21.0,213714.42,374.90628,56014.0,0.1364697217941284,33.92399978637695,70.0519027709961,71037.5390625,4.300000190734863,,,,0.1754239411912121,No Data
Grenada,North America,2026-07-19,19693.0,238.0,168419.88,2035.4407,116928.0,343.9058837890625,32.88600158691406,75.15080261230469,18240.994140625,11.300000190734863,3.009999990463257,,,1.2085512618696999,No Data
Guadeloupe,North America,2026-07-19,203235.0,1021.0,528292.0,2654.0022,384702.0,237.47036743164065,45.86299896240234,80.90540313720703,,,,,,0.5023740989494919,No Data
Guam,Oceania,2026-07-19,52287.0,419.0,316520.7,2536.427,165193.0,305.9129638671875,30.979999542236328,77.10150146484375,,20.299999237060547,,,,0.8013464149788667,No Data
Guatemala,North America,2026-07-19,1255709.0,20206.0,70356.21,1132.1234,17847877.0,166.5535430908203,22.24399948120117,71.2063980102539,12986.5244140625,13.199999809265137,0.449999988079071,,,1.6091307779111244,No Data
Guernsey,Europe,2026-07-19,35326.0,67.0,554133.3,1050.9803,63750.0,,43.880001068115234,83.10800170898438,,,,,,0.18966200532185926,No Data
Guinea,Africa,2026-07-19,38594.0,468.0,2745.9001,33.297436,14055136.0,57.199806213378906,17.836000442504883,60.43159866333008,4216.85986328125,4.599999904632568,0.3000000119209289,,,1.212623723894906,No Data
Guinea-Bissau,Africa,2026-07-19,9614.0,177.0,4566.0605,84.06415,2105535.0,74.87677764892578,18.732999801635746,63.60449981689453,2814.08349609375,4.800000190734863,,,,1.841065113376326,No Data
Guyana,South America,2026-07-19,75784.0,1312.0,92235.266,1596.8103,821638.0,4.173929214477539,25.304000854492188,69.88849639892578,83658.6796875,16.399999618530273,3.240000009536743,,,1.7312361448326823,No Data
Haiti,North America,2026-07-19,34979.0,860.0,3040.6995,74.759186,11503603.0,417.4021301269531,23.25,63.94829940795898,2677.893798828125,8.5,4.900000095367432,,,2.458618027959633,No Data
High-income countries,,2026-07-19,458049855.0,3504285.0,332370.3,2542.7808,1410112397.0,27.17702293395996,40.64899826049805,80.40190124511719,59555.51171875,9.72828483581543,5.244418621063232,,,0.76504445132943,No Data
Honduras,North America,2026-07-19,473076.0,11114.0,45210.38,1062.1299,10463880.0,93.51934814453124,23.20599937438965,72.71510314941406,6726.1669921875,5.0,0.5299999713897705,,,2.349305397018661,No Data
Hong Kong,Asia,2024-08-12,,,,,7465913.0,7110.3935546875,45.59099960327149,83.48529815673828,68724.5546875,8.199999809265137,,,,,No Data
Hungary,Europe,2026-07-19,2240890.0,49124.0,231393.92,5072.536,9684308.0,106.1177749633789,42.99300003051758,76.21179962158203,41160.640625,8.300000190734863,6.630000114440918,,,2.1921647202673937,No Data
Iceland,Europe,2026-07-19,211293.0,186.0,555496.25,489.00012,380368.0,3.772369384765625,35.74700164794922,81.58769989013672,68064.6875,6.900000095367432,2.8299999237060547,,,0.08802941886385257,No Data
India,Asia,2026-07-19,45056221.0,533849.0,31609.014,374.51965,1425423209.0,479.425537109375,27.68400001525879,71.69840240478516,10039.0712890625,10.5,1.590000033378601,,,1.1848508111676743,No Data
Indonesia,Asia,2026-07-19,6830274.0,162059.0,24496.148,581.20966,278830527.0,147.33016967773438,29.56100082397461,70.92459869384766,15091.0087890625,11.300000190734863,1.3700000047683716,,,2.372657378020267,No Data
Iran,Asia,2026-07-19,7627863.0,146837.0,85204.44,1640.1925,89524247.0,55.17673110961914,32.340999603271484,76.79930114746094,16833.78125,9.0,1.850000023841858,,,1.9250083542402374,No Data
Iraq,Asia,2026-07-19,2465545.0,25375.0,55945.402,575.78125,44070556.0,101.51512145996094,20.093000411987305,72.03710174560547,12191.556640625,13.399999618530272,1.059999942779541,,,1.029184216876999,No Data
Ireland,Europe,2026-07-19,1749952.0,9782.0,342455.34,1914.2802,5110015.0,74.17643737792969,37.99700164794922,82.05049896240234,131338.4375,3.5999999046325684,2.9600000381469727,,,0.5589867607797242,No Data
Isle of Man,Europe,2026-07-19,38008.0,116.0,451680.38,1378.5236,84148.0,147.62806701660156,45.47600173950195,80.95610046386719,,7.5,,,,0.3051989054935803,No Data
Israel,Asia,2026-07-19,4841703.0,12707.0,531871.56,1395.8915,9103143.0,420.6628112792969,29.086000442504883,82.81449890136719,48196.6328125,10.100000381469728,3.140000104904175,,,0.2624489771470906,No Data
Italy,Europe,2026-07-19,26969918.0,198523.0,452370.38,3329.8555,59619106.0,201.6086578369141,47.11600112915039,82.052001953125,53606.078125,7.699999809265137,3.059999942779541,,,0.7360904842202338,No Data
Jamaica,North America,2026-07-19,157681.0,3634.0,55538.1,1279.9606,2839150.0,262.1560363769531,31.152999877929688,71.48090362548828,11357.916015625,12.5,1.649999976158142,,,2.3046530653661508,No Data
Japan,Asia,2026-07-19,33803572.0,74694.0,270433.8,597.56354,124997585.0,342.92889404296875,48.54800033569336,84.0541000366211,48283.37109375,8.100000381469727,12.59000015258789,,,0.2209648140143296,No Data
Jersey,Europe,2026-07-19,66391.0,161.0,641502.3,1555.6608,103493.0,,42.867000579833984,79.72570037841797,,,,,,0.24250274886656326,No Data
Jordan,Asia,2026-07-19,1746997.0,14122.0,155202.14,1254.5897,11256269.0,126.76834869384766,23.94300079345703,77.08799743652344,10794.240234375,20.5,1.409999966621399,,,0.8083585718807761,No Data
Kazakhstan,Asia,2026-07-19,1504370.0,19072.0,75088.555,951.9526,20034612.0,7.421051502227783,29.347999572753903,73.50279998779297,37850.578125,6.800000190734863,6.539999961853027,,,1.2677732206837413,No Data
Kenya,Africa,2026-07-19,344162.0,5689.0,6343.7124,104.86161,54252458.0,95.32357025146484,19.27199935913086,63.54909896850586,5995.40185546875,3.0999999046325684,1.3300000429153442,,,1.6530006218001987,No Data
Kiribati,Oceania,2026-07-19,5085.0,24.0,38970.594,183.932,130483.0,161.09011840820312,22.52899932861328,66.2686996459961,3363.9951171875,24.600000381469727,1.8600000143051147,,,0.471976401179941,No Data
Kosovo,Europe,2026-07-19,274279.0,3212.0,159654.83,1869.6703,1717950.0,,30.808000564575195,77.62329864501953,16461.294921875,10.399999618530272,,,,1.1710703334925385,No Data
Kuwait,Asia,2026-07-19,667290.0,2570.0,145394.48,559.97217,4589514.0,257.5484924316406,33.4630012512207,78.78810119628906,48253.96484375,25.600000381469727,2.3299999237060547,,,0.38513989419892397,No Data
Kyrgyzstan,Asia,2026-07-19,88953.0,1024.0,12788.335,147.21544,6955792.0,36.26586151123047,24.975000381469727,71.48699951171875,7878.44921875,7.599999904632568,3.7300000190734863,,,1.1511697188402863,No Data
Laos,Asia,2026-07-19,219060.0,671.0,28979.992,88.768265,7559008.0,32.75133514404297,23.972000122070312,68.71520233154297,8872.6943359375,6.699999809265137,1.7100000381469729,,,0.30630877385191274,No Data
Latvia,Europe,2026-07-19,977804.0,7741.0,519815.7,4115.235,1881059.0,30.227527618408203,42.94599914550781,74.87059783935547,38800.54296875,7.099999904632568,4.949999809265137,,,0.7916719506158699,No Data
Lebanon,Asia,2026-07-19,1239904.0,10947.0,215842.23,1905.6515,5744492.0,561.533935546875,28.106000900268555,78.00289916992188,10469.220703125,12.300000190734863,2.7300000190734863,,,0.8828909334916252,No Data
Lesotho,Africa,2026-07-19,36140.0,709.0,15808.499,310.13354,2286112.0,75.30013275146484,21.263999938964844,56.8119010925293,2720.957275390625,6.199999809265137,,,,1.9618151632540122,No Data
Liberia,Africa,2026-07-19,7932.0,294.0,1476.1886,54.71501,5373297.0,55.785892486572266,18.18000030517578,61.934200286865234,1692.9259033203125,9.199999809265137,1.590000033378601,,,3.7065052950075645,No Data
Libya,Africa,2026-07-19,507269.0,6437.0,70221.87,891.0818,7223804.0,4.105506896972656,26.91699981689453,74.46150207519531,14118.2060546875,15.800000190734863,3.5,,,1.2689519761704342,No Data
Liechtenstein,Europe,2026-07-19,21649.0,89.0,550333.0,2262.4434,39338.0,245.8625030517578,44.01399993896485,83.40540313720703,,7.199999809265137,,,,0.4111044390041111,No Data
Lithuania,Europe,2026-07-19,1448911.0,9931.0,514359.47,3525.478,2816923.0,44.991580963134766,42.632999420166016,74.69599914550781,48839.54296875,7.5,5.710000038146973,,,0.6854113192597752,No Data
Low-income countries,,2026-07-19,1905764.0,43239.0,2692.6086,61.09136,707776067.0,48.17781829833984,17.70400047302246,63.480201721191406,2481.01318359375,7.130307674407959,,,,2.268853855986366,No Data
Lower-middle-income countries,,2026-07-19,60612047.0,796035.0,21629.447,284.06558,2832687999.0,150.1196746826172,25.211000442504883,69.25039672851562,9350.30078125,11.536528587341309,1.5225088596343994,,,1.3133280253676303,No Data
Luxembourg,Europe,2026-07-19,401679.0,1000.0,614832.06,1530.6552,653315.0,253.7677764892578,38.67599868774414,82.20069885253906,127420.6015625,5.800000190734863,3.950000047683716,,,0.24895501133990078,No Data
Macao,Asia,2023-12-31,,,,,704360.0,21344.2421875,37.83100128173828,82.10250091552734,117098.2734375,8.100000381469727,,,,,No Data
Madagascar,Africa,2026-07-19,68853.0,1428.0,2262.1287,46.91618,30437261.0,52.315677642822266,18.718000411987305,63.06769943237305,1668.47705078125,4.599999904632568,0.3199999928474426,,,2.073983704413751,No Data
Malawi,Africa,2026-07-19,89168.0,2686.0,4335.124,130.58656,20568731.0,218.1664276123047,17.334999084472656,66.03700256347656,1623.021728515625,5.699999809265137,1.2999999523162842,,,3.0122914049883365,No Data
Malaysia,Asia,2026-07-19,5329836.0,37351.0,153617.53,1076.5375,34695494.0,105.60186767578124,29.572999954223636,75.44419860839844,35461.4453125,21.100000381469727,1.9600000381469729,,,0.7007907935628789,No Data
Maldives,Asia,2026-07-19,186694.0,316.0,356207.4,602.92,524116.0,1747.0533447265625,30.339000701904297,80.7594985961914,24401.31640625,9.5,4.559999942779541,,,0.16926092964958703,No Data
Mali,Africa,2026-07-19,33236.0,743.0,1440.494,32.20264,23072641.0,18.909055709838867,15.348999977111816,60.034698486328125,2993.251708984375,4.800000190734863,0.25,,,2.235527741003731,No Data
Malta,Europe,2026-07-19,125377.0,1119.0,237369.22,2118.5398,528194.0,1650.606201171875,39.74599838256836,82.24960327148438,63655.515625,10.0,4.090000152587891,,,0.8925081952830264,No Data
Marshall Islands,Oceania,2026-07-19,16297.0,17.0,406469.78,424.0036,40094.0,222.74444580078125,20.96500015258789,66.72450256347656,7660.376953125,25.700000762939453,,,,0.10431367736393202,No Data
Martinique,North America,2026-07-19,230354.0,1104.0,659167.5,3159.1418,349462.0,329.6811218261719,48.23899841308594,80.8364028930664,,,,,,0.4792623527266729,No Data
Mauritania,Africa,2026-07-19,63891.0,997.0,13104.115,204.48581,4875644.0,4.730420112609863,16.992000579833984,68.28070068359375,6559.04345703125,5.199999809265137,,,,1.560470175768105,No Data
Mauritius,Africa,2026-07-19,332300.0,1074.0,260395.86,841.60443,1276134.0,639.0255126953125,36.51300048828125,73.54450225830078,28769.513671875,20.100000381469727,3.799999952316284,,,0.32320192597050856,No Data
Mayotte,Africa,2026-07-19,42027.0,187.0,137667.52,612.55444,305279.0,816.2540283203125,16.697999954223633,75.1272964477539,,,,,,0.44495205463154636,No Data
Mexico,North America,2026-07-19,7630870.0,335111.0,59331.973,2605.574,128613116.0,66.16070556640625,28.527999877929688,73.97309875488281,21911.9296875,16.399999618530273,1.0099999904632568,,,4.391517612015406,No Data
Micronesia (country),Oceania,2026-07-19,31765.0,62.0,283307.47,552.9691,112122.0,160.17428588867188,22.607999801635746,66.96060180664062,3934.642578125,19.200000762939453,,,,0.19518337793168583,No Data
Moldova,Europe,2026-07-19,656463.0,12290.0,215942.77,4042.7817,3039986.0,92.2046127319336,37.47800064086914,71.54650115966797,17087.1875,6.300000190734863,5.539999961853027,,,1.8721542569802105,No Data
Monaco,Europe,2026-07-19,17181.0,67.0,441103.97,1720.154,38950.0,18690.01953125,54.97499847412109,85.74639892578125,,6.900000095367432,21.989999771118164,,,0.3899656597404109,No Data
Mongolia,Asia,2026-07-19,1011489.0,2136.0,298725.5,630.83,3386015.0,2.173996686935425,26.617000579833984,71.50489807128906,17772.53515625,10.300000190734863,8.579999923706055,,,0.21117382393679018,No Data
Montenegro,Europe,2026-07-19,251280.0,2654.0,408818.7,4317.9116,614649.0,45.69881057739258,39.08000183105469,75.92140197753906,28895.31640625,10.699999809265137,3.819999933242798,,,1.0561922954473097,No Data
Montserrat,North America,2026-07-19,1403.0,8.0,313449.5,1787.31,4476.0,44.7599983215332,41.3849983215332,76.0376968383789,,,,,,0.5702066999287242,No Data
Morocco,Africa,2026-07-19,1279115.0,16305.0,34265.92,436.791,37329068.0,83.64119720458984,28.875,75.1613998413086,9495.4052734375,11.899999618530272,0.7300000190734863,,,1.274709467092482,No Data
Mozambique,Africa,2026-07-19,233935.0,2252.0,7163.5615,68.960785,32656242.0,41.527305603027344,16.249000549316406,63.01150131225586,1450.9595947265625,3.0,0.7400000095367432,,,0.9626605681065252,No Data
Myanmar,Asia,2026-07-19,643401.0,19494.0,11968.739,362.63324,53756791.0,82.36442565917969,29.250999450683597,66.50579833984375,5137.1005859375,6.699999809265137,1.0700000524520874,,,3.029836758102645,No Data
Namibia,Africa,2026-07-19,172557.0,4110.0,59715.164,1422.3087,2889668.0,3.5099029541015625,20.825000762939453,64.19029998779297,10242.2841796875,5.300000190734863,,,,2.3818216589300927,No Data
Nauru,Oceania,2026-07-19,5393.0,1.0,456183.38,84.58806,11822.0,591.0999755859375,20.572999954223636,61.93040084838867,12134.8916015625,21.799999237060547,,,,0.018542555164101613,No Data
Nepal,Asia,2026-07-19,1003968.0,12034.0,33786.08,404.97473,29715435.0,207.2928771972656,24.356000900268555,70.08689880371094,5276.923828125,7.699999809265137,0.5400000214576721,,,1.1986437814751068,No Data
Netherlands,Europe,2026-07-19,8657553.0,22986.0,483542.75,1283.817,17904421.0,531.7618408203125,41.4630012512207,81.91210174560547,71378.484375,5.0,2.4200000762939453,,,0.26550227298637386,No Data
New Caledonia,Oceania,2026-07-19,80203.0,314.0,279326.44,1093.5813,287130.0,15.707330703735352,33.5890007019043,77.69830322265625,,22.0,,,,0.3915065521239854,No Data
New Zealand,Oceania,2026-07-19,2668236.0,4538.0,519948.53,884.302,5131731.0,19.48931312561035,37.06800079345703,81.006103515625,48232.6640625,6.699999809265137,2.509999990463257,,,0.17007491091492657,No Data
Nicaragua,North America,2026-07-19,16877.0,245.0,2507.48,36.40058,6730662.0,55.93038177490234,24.91200065612793,74.46260070800781,7933.48876953125,10.399999618530272,0.9700000286102296,,,1.4516798009124845,No Data
Niger,Africa,2026-07-19,9591.0,315.0,378.91153,12.444701,25311978.0,19.982614517211918,15.10200023651123,60.39810180664063,1860.548583984375,4.099999904632568,0.2800000011920929,,,3.2843290584923364,No Data
Nigeria,Africa,2026-07-19,267237.0,3155.0,1197.5618,14.138414,223150906.0,245.01345825195312,17.566999435424805,54.07899856567383,8145.14794921875,3.0,,,,1.1805999917676069,No Data
Niue,Oceania,2026-07-19,1092.0,0.0,592190.9,0.0,1844.0,7.092307567596436,36.72100067138672,69.81819915771484,,,,,,0.0,No Data
North America,,2026-07-19,124521655.0,1717393.0,206040.16,2841.6897,604356255.0,28.74942779541016,,78.30870056152344,,,,,,1.379192237687493,No Data
North Korea,Asia,2026-07-19,0.0,0.0,0.0,0.0,26328843.0,218.65994262695312,35.80500030517578,73.64109802246094,,9.899999618530272,12.800000190734863,,,,No Data
North Macedonia,Europe,2026-07-19,352093.0,9991.0,191330.34,5429.195,1840236.0,72.96733093261719,39.90999984741211,76.64550018310547,25094.623046875,7.400000095367432,4.739999771118164,,,2.8376025652313452,No Data
Northern Ireland,,2023-12-31,,,,,,,,,,,,,,,No Data
Northern Mariana Islands,Oceania,2026-07-19,14985.0,41.0,325047.2,889.3516,46101.0,100.21956634521484,35.17900085449219,78.53119659423828,,,,,,0.27360694027360694,No Data
Norway,Europe,2026-07-19,1552355.0,5732.0,284481.03,1050.4332,5456796.0,14.98008632659912,39.43600082397461,82.63089752197266,95173.4296875,4.800000190734863,3.299999952316284,,,0.3692454367718724,No Data
Oceania,,2026-07-19,15032781.0,33170.0,333693.06,736.2975,45049680.0,5.302440166473389,32.64899826049805,78.06310272216797,,,,,,0.22065112237050483,No Data
Oman,Asia,2026-07-19,399449.0,4628.0,84446.016,978.3881,4730229.0,15.283453941345217,28.972999572753903,77.91059875488281,36142.9453125,17.0,0.9900000095367432,,,1.1585959659430867,No Data
Pakistan,Asia,2026-07-19,1580631.0,30656.0,6485.9526,125.79366,243700667.0,316.1330871582031,20.14800071716309,67.41670227050781,5617.2509765625,31.399999618530277,0.6299999952316284,,,1.9394786006348097,No Data
Palau,Oceania,2026-07-19,6372.0,10.0,358299.6,562.3032,17784.0,38.66086959838867,37.48400115966797,68.92220306396484,19698.59375,19.299999237060547,,,,0.15693659761456372,No Data
Palestine,Asia,2026-07-19,703228.0,5708.0,132552.62,1075.9105,5305274.0,880.5433959960938,19.604999542236328,76.66239929199219,4272.45751953125,15.5,1.2999999523162842,,,0.8116855415313383,No Data
Panama,North America,2026-07-19,1045742.0,8839.0,237626.78,2008.5099,4400775.0,59.325626373291016,29.27300071716309,79.3240966796875,37516.1796875,11.100000381469728,1.950000047683716,,,0.8452371617473525,No Data
Papua New Guinea,Oceania,2026-07-19,46864.0,670.0,4593.079,65.665825,10203177.0,22.530532836914062,22.12700080871582,65.27359771728516,4456.23095703125,14.100000381469728,0.6200000047683716,,,1.4296688289518606,No Data
Paraguay,South America,2026-07-19,735759.0,19880.0,108832.68,2940.6284,6760460.0,17.016008377075195,26.045000076293945,72.31849670410156,17245.845703125,9.399999618530272,1.0399999618530271,,,2.701971705408972,No Data
Peru,South America,2026-07-19,4533838.0,221072.0,135437.77,6604.0063,33475436.0,26.152685165405277,29.09600067138672,76.83399963378906,16079.125,6.400000095367432,1.559999942779541,,,4.876045416708758,No Data
Philippines,Asia,2026-07-19,4140383.0,66864.0,36330.51,586.70984,113964343.0,382.212646484375,24.86599922180176,69.47229766845703,10747.5458984375,7.5,0.9700000286102296,,,1.6149230638808052,No Data
Pitcairn,Oceania,2026-07-19,4.0,0.0,88888.89,0.0,,,,,,,,,,0.0,No Data
Poland,Europe,2026-07-19,6843822.0,121221.0,178290.77,3157.9702,38385734.0,125.40259552001952,40.86399841308594,77.92289733886719,46924.58984375,8.100000381469727,6.039999961853027,,,1.77124711893442,No Data
Portugal,Europe,2026-07-19,5671684.0,29663.0,544460.4,2847.5366,10417074.0,113.71656036376952,45.805999755859375,81.193603515625,42576.8125,10.5,3.4800000190734863,,,0.5230016340825758,No Data
Puerto Rico,North America,2026-07-19,1252713.0,5938.0,386523.84,1832.1664,3240972.0,365.38580322265625,45.196998596191406,79.4269027709961,44603.21875,10.899999618530272,,,,0.47401120607832764,No Data
Qatar,Asia,2026-07-19,514524.0,690.0,177884.2,238.55077,2892466.0,251.73768615722656,32.45800018310547,81.85659790039062,110135.6953125,24.600000381469727,1.25,,,0.1341045315670406,No Data
Reunion,Africa,2026-07-19,494595.0,921.0,567493.5,1056.7465,871543.0,347.2283020019531,37.06499862670898,81.5,,,,,,0.18621296212052285,No Data
Romania,Europe,2026-07-19,3604081.0,69095.0,188037.94,3604.936,19166776.0,83.3048324584961,42.39099884033203,75.26139831542969,40845.984375,7.5,7.230000019073486,,,1.9171322731092892,No Data
Russia,Europe,2026-07-19,24901467.0,404290.0,171050.19,2777.1006,145579889.0,8.889359474182129,39.07099914550781,72.51740264892578,42357.98828125,5.900000095367432,6.809999942779541,,,1.6235589654215954,No Data
Rwanda,Africa,2026-07-19,133274.0,1468.0,9762.93,107.53771,13651025.0,553.3451538085938,19.21999931335449,67.52799987792969,3558.679931640625,2.0999999046325684,0.75,,,1.1014901631225895,No Data
Saint Barthelemy,North America,2026-07-19,5507.0,5.0,503014.25,456.7044,10948.0,,38.70700073242188,84.28050231933594,,,,,,0.09079353550027239,No Data
Saint Helena,Africa,2026-07-19,2166.0,0.0,403427.1,0.0,5369.0,13.766666412353516,50.2140007019043,76.73519897460938,,,,,,0.0,No Data
Saint Kitts and Nevis,North America,2026-07-19,6607.0,46.0,141380.64,984.33624,46732.0,179.73846435546875,34.97100067138672,70.31310272216797,31427.662109375,13.800000190734863,3.9800000190734863,,,0.6962312698652944,No Data
Saint Lucia,North America,2026-07-19,30254.0,410.0,169211.5,2293.1418,178794.0,293.1049194335937,33.316001892089844,72.6698989868164,24502.962890625,11.399999618530272,1.090000033378601,,,1.3551927017914986,No Data
Saint Martin (French part),North America,2026-07-19,12324.0,46.0,426450.75,1591.7506,28899.0,577.97998046875,38.400001525878906,80.2354965209961,,,,,,0.3732554365465758,No Data
Saint Pierre and Miquelon,North America,2026-07-19,3426.0,2.0,594791.7,347.22223,5760.0,25.04347801208496,45.98899841308594,76.69869995117188,,,,,,0.05837711617046118,No Data
Saint Vincent and the Grenadines,North America,2026-07-19,9674.0,124.0,94784.59,1214.9359,102063.0,261.70001220703125,33.632999420166016,71.19059753417969,19483.013671875,8.600000381469727,3.2100000381469727,,,1.281786231135001,No Data
Samoa,Oceania,2026-07-19,17057.0,31.0,79235.375,144.0052,215270.0,77.43524932861328,20.090999603271484,71.55030059814453,7963.427734375,25.399999618530277,,,,0.18174356569150496,No Data
San Marino,Europe,2026-07-19,25292.0,126.0,741418.25,3693.6064,34113.0,568.5499877929688,46.78200149536133,85.70819854736328,70951.7890625,8.600000381469727,3.3499999046325684,,,0.498181243080816,No Data
Sao Tome and Principe,Africa,2026-07-19,6771.0,80.0,29918.74,353.49274,226313.0,235.74270629882807,18.86899948120117,69.23680114746094,5459.212890625,12.100000381469728,2.9100000858306885,,,1.1815093782306896,No Data
Saudi Arabia,Asia,2026-07-19,841469.0,9646.0,26152.598,299.7947,32175351.0,14.967437744140623,28.731000900268555,77.30979919433594,63051.046875,23.100000381469727,2.4100000858306885,,,1.1463286229201552,No Data
Scotland,,2023-12-31,,,,,,,,,,,,,,,No Data
Senegal,Africa,2026-07-19,89440.0,1972.0,5067.1064,111.72109,17651099.0,91.6797332763672,18.88800048828125,67.78839874267578,4668.54150390625,3.799999952316284,0.7099999785423279,,,2.204830053667263,No Data
Serbia,Europe,2026-07-19,2568005.0,18057.0,378136.3,2658.8762,6791215.0,80.76126861572266,43.67499923706055,75.47779846191406,27603.392578125,10.5,5.78000020980835,,,0.7031528365404274,No Data
Seychelles,Africa,2026-07-19,51899.0,172.0,413429.12,1370.1576,125533.0,272.8978271484375,33.38800048828125,71.24810028076172,30638.72265625,9.300000190734863,2.630000114440918,,,0.33141293666544636,No Data
Sierra Leone,Africa,2026-07-19,7985.0,125.0,964.7438,15.102439,8276809.0,114.66900634765624,19.040000915527344,61.27479934692383,3176.23681640625,4.800000190734863,,,,1.5654351909830932,No Data
Singapore,Asia,2026-07-19,3006155.0,2024.0,532073.4,358.23718,5649888.0,7868.9248046875,34.87799835205078,82.92109680175781,139592.609375,11.399999618530272,2.809999942779541,,,0.06732853096397225,No Data
Sint Maarten (Dutch part),North America,2026-07-19,11051.0,92.0,262101.84,2182.0078,42163.0,1240.0882568359375,41.47999954223633,76.1803970336914,48273.42578125,,,,,0.8325038458058095,No Data
Slovakia,Europe,2026-07-19,1889897.0,21401.0,345300.5,3910.1475,5473195.0,113.83516693115234,40.90399932861328,77.03559875488281,40689.81640625,7.099999904632568,5.570000171661377,,,1.1323897545739265,No Data
Slovenia,Europe,2026-07-19,1366923.0,9914.0,646228.7,4686.9585,2115231.0,105.0451431274414,43.49700164794922,80.79329681396484,49091.01953125,7.0,4.110000133514404,,,0.725278600184502,No Data
Solomon Islands,Oceania,2026-07-19,25954.0,199.0,33228.562,254.77707,781075.0,27.905502319335938,20.030000686645508,70.40859985351562,2382.13134765625,12.0,,,,0.7667411574323804,No Data
Somalia,Africa,2026-07-19,27334.0,1361.0,1535.4545,76.45254,17801895.0,28.376789093017575,15.371000289916992,53.93149948120117,1403.8138427734375,5.800000190734863,0.8700000047683716,,,4.979146850076828,No Data
South Africa,Africa,2026-07-19,4073188.0,102595.0,65298.035,1644.7195,62378417.0,51.42109680175781,27.91900062561035,65.45359802246094,13592.048828125,7.199999809265137,,,,2.518788722740026,No Data
South America,,2026-07-19,69395641.0,1356693.0,161200.47,3151.488,430492816.0,24.653514862060547,,,,,,,,1.9550118428908236,No Data
South Korea,Asia,2026-07-19,34571873.0,35934.0,667636.06,693.9408,51782515.0,530.5585327148438,43.94400024414063,82.72699737548828,55697.0859375,9.600000381469728,12.8100004196167,,,0.10393998612687255,No Data
South Sudan,Africa,2026-07-19,18873.0,147.0,1712.4308,13.337961,11021175.0,17.440500259399414,17.59000015258789,57.202598571777344,,4.599999904632568,,,,0.7788904784612939,No Data
Spain,Europe,2026-07-19,13980340.0,121886.0,292302.16,2548.4028,47828386.0,95.70783233642578,44.391998291015625,82.36609649658203,49318.10546875,9.699999809265137,2.9100000858306885,,,0.8718385962000924,No Data
Sri Lanka,Asia,2026-07-19,672812.0,16907.0,29464.113,740.39966,22834965.0,369.1394348144531,32.56100082397461,77.29959869384766,14582.7607421875,10.199999809265137,3.930000066757202,,,2.5128862148713162,No Data
Sudan,Africa,2026-07-19,63993.0,5046.0,1295.8418,102.1802,49383344.0,26.436479568481445,18.1200008392334,65.69499969482422,1873.3856201171875,19.0,0.6600000262260437,,,7.885237447845858,No Data
Summer Olympics 2020,,2023-01-02,,,,,,,,,,,,,,,No Data
Suriname,South America,2026-07-19,82525.0,1406.0,132427.33,2256.199,623172.0,3.994692325592041,27.864999771118164,73.25379943847656,19357.390625,13.800000190734863,2.869999885559082,,,1.7037261435928506,No Data
Sweden,Europe,2026-07-19,2787365.0,29496.0,265783.9,2812.5354,10487335.0,25.74946975708008,39.72800064086914,83.0459976196289,63362.4609375,5.800000190734863,1.899999976158142,,,1.058203715695648,No Data
Switzerland,Europe,2026-07-19,4492050.0,14170.0,510914.25,1611.6594,8792180.0,222.53257751464844,41.96099853515625,83.20030212402344,85732.109375,5.300000190734863,4.380000114440918,,,0.315446177135161,No Data
Syria,Asia,2026-07-19,57423.0,3163.0,2556.4316,140.81453,22462170.0,122.32298278808594,21.58799934387207,72.78980255126953,4579.43994140625,19.0,1.4299999475479126,,,5.508245824843703,No Data
Taiwan,Asia,2024-09-23,,,,,23420107.0,661.3981323242188,42.91699981689453,80.15689849853516,,,,,,,No Data
Tajikistan,Asia,2026-07-19,17786.0,125.0,1746.7689,12.276292,10182228.0,73.3642807006836,21.742000579833984,71.5624008178711,5061.84716796875,8.0,4.039999961853027,,,0.7027999550208028,No Data
Tanzania,Africa,2026-07-19,43655.0,846.0,674.60626,13.073345,64711822.0,73.0546646118164,17.124000549316406,66.87860107421875,3820.61181640625,9.800000190734863,0.8399999737739563,,,1.9379223456648724,No Data
Thailand,Asia,2026-07-19,5450663.0,35000.0,75982.98,487.9047,71735321.0,140.41246032714844,39.19400024414063,75.29129791259766,22431.751953125,10.199999809265137,2.390000104904175,,,0.6421237196282361,No Data
Togo,Africa,2026-07-19,39564.0,290.0,4903.4434,35.941727,8068616.0,148.347412109375,18.113000869750977,62.289798736572266,3485.98193359375,4.800000190734863,0.3300000131130218,,,0.7329895864927712,No Data
Tokelau,Oceania,2026-07-19,80.0,0.0,34602.074,0.0,2312.0,231.1999969482422,26.55500030517578,76.88700103759766,,,,,,0.0,No Data
Tonga,Oceania,2026-07-19,16992.0,13.0,161746.92,123.74706,105053.0,145.90695190429688,20.72599983215332,72.63529968261719,7412.8662109375,19.600000381469727,,,,0.0765065913370998,No Data
Transnistria,Europe,2023-12-31,,,,,,,,,,,,,,,No Data
Trinidad and Tobago,North America,2026-07-19,191496.0,4390.0,128011.94,2934.643,1495923.0,291.6029357910156,36.22600173950195,73.33080291748047,31721.576171875,12.399999618530272,2.369999885559082,,,2.2924760830513433,No Data
Tunisia,Africa,2026-07-19,1153361.0,29423.0,95167.0,2427.773,12119338.0,78.00809478759766,31.74399948120117,76.05049896240234,13017.6337890625,16.0,1.8200000524520876,,,2.551065971538833,No Data
Turkey,Asia,2026-07-19,17004726.0,101419.0,195325.34,1164.9528,87058469.0,113.11730194091795,32.071998596191406,77.59130096435547,37300.75,16.5,3.049999952316284,,,0.5964165491405155,No Data
Turkmenistan,Asia,2026-07-19,0.0,0.0,0.0,0.0,7230197.0,15.385689735412598,25.93099975585937,69.91329956054688,19313.943359375,7.099999904632568,3.5999999046325684,,,,No Data
Turks and Caicos Islands,North America,2026-07-19,6935.0,41.0,151191.44,893.84985,45869.0,48.28315734863281,37.86600112915039,77.9176025390625,33390.52734375,,,,,0.5912040374909878,No Data
Tuvalu,Oceania,2026-07-19,2943.0,1.0,293947.25,99.88014,10012.0,333.7333374023437,24.256000518798828,66.85160064697266,5776.07861328125,19.0,,,,0.03397893306150187,No Data
Uganda,Africa,2026-07-19,172234.0,3632.0,3640.332,76.76583,47312718.0,235.9501190185547,16.33799934387207,67.67469787597656,2980.37939453125,2.200000047683716,,,,2.108759013899695,No Data
Ukraine,Europe,2026-07-19,5555510.0,109937.0,135339.27,2678.2046,41048768.0,70.84703063964844,41.45100021362305,72.658203125,16155.0732421875,6.0,6.139999866485596,,,1.9788822268342598,No Data
United Arab Emirates,Asia,2026-07-19,1067030.0,2349.0,104180.94,229.34784,10242085.0,144.21409606933594,30.902999877929688,80.48680114746094,69701.7890625,20.700000762939453,1.870000004768372,,,0.2201437635305474,No Data
United Kingdom,Europe,2026-07-19,25118508.0,232112.0,368418.3,3404.4343,68179315.0,281.814208984375,39.50400161743164,81.07440185546875,53993.1171875,7.400000095367432,2.4200000762939453,,,0.9240676237617297,No Data
United States,North America,2026-07-19,103436829.0,1238678.0,302859.5,3626.807,341534041.0,37.33665084838867,37.720001220703125,77.97889709472656,76931.3125,13.699999809265137,2.680000066757202,,,1.1975212426513964,No Data
United States Virgin Islands,North America,2026-07-19,25389.0,132.0,293443.22,1525.6411,86521.0,247.20285034179688,44.57099914550781,75.0448989868164,46479.30078125,9.100000381469728,,,,0.5199101973295521,No Data
Upper-middle-income countries,,2026-07-19,257538779.0,2768291.0,83960.91,902.498,3067365341.0,69.06267547607422,35.02899932861328,75.73059844970703,21748.87890625,11.36186408996582,4.524517059326172,,,1.0749025877768876,No Data
Uruguay,South America,2026-07-19,1043278.0,7696.0,307668.75,2269.5952,3390913.0,19.374431610107425,35.49599838256836,76.46820068359375,32741.625,7.800000190734863,2.440000057220459,,,0.7376749054422694,No Data
Uzbekistan,Asia,2026-07-19,175158.0,1016.0,5013.2583,29.079292,34938953.0,79.2890396118164,26.836000442504883,72.14649963378906,11622.85546875,7.5,4.889999866485596,,,0.5800477283367017,No Data
Vanuatu,Oceania,2026-07-19,12019.0,14.0,38391.88,44.71972,313061.0,25.681787490844727,20.121000289916992,71.30159759521484,3866.998046875,19.700000762939453,,,,0.11648223645894001,No Data
Vatican,Europe,2026-07-19,26.0,0.0,50682.26,0.0,513.0,1165.9090576171875,59.875,83.33540344238281,,,,,,0.0,No Data
Venezuela,South America,2026-07-19,552751.0,5856.0,19592.057,207.56378,28213015.0,31.98573303222656,28.809999465942383,72.56559753417969,,8.600000381469727,0.9900000095367432,,,1.0594282054668378,No Data
Vietnam,Asia,2026-07-19,11624000.0,43206.0,116612.4,433.44418,99680656.0,318.0326538085937,31.9379997253418,74.50250244140625,15457.349609375,3.400000095367432,2.5199999809265137,,,0.3716964900206469,No Data
Wales,,2023-07-12,,,,,,,,,,,,,,,No Data
Wallis and Futuna,Oceania,2026-07-19,3760.0,9.0,326928.1,782.54065,11501.0,82.1500015258789,36.5989990234375,78.50050354003906,,,,,,0.23936170212765956,No Data
Western Sahara,Africa,2022-04-20,,,,,568746.0,2.1381428241729736,31.697999954223636,71.14320373535156,,,,,,,No Data
Winter Olympics 2022,,2023-01-02,,,,,,,,,,,,,,,No Data
World,,2026-07-19,779178934.0,7115203.0,97918.266,894.15704,8021407196.0,61.63385772705078,30.093000411987305,72.63980102539062,21913.509765625,10.797842025756836,3.294305324554444,,,0.9131667566361592,No Data
World excl. China,,2026-07-19,679797173.0,6992805.0,104067.64,1070.5027,,,,,,,,,,1.0286605001812799,No Data
World excl. China and South Korea,,2026-07-19,645225300.0,6956871.0,99564.43,1073.5116,,,,,,,,,,1.078208030590245,No Data
"World excl. China, South Korea, Japan and Singapore",,2026-07-19,608415573.0,6880153.0,95816.0,1083.5172,,,,,,,,,,1.1308311794313655,No Data
Yemen,Asia,2026-07-19,11945.0,2159.0,312.5092,56.484497,38222878.0,72.39592742919922,18.118000030517575,67.95169830322266,,5.5,0.4600000083446502,,,18.07450816241105,No Data
Zambia,Africa,2026-07-19,349892.0,4078.0,17361.838,202.35266,20152935.0,27.10950469970703,17.288000106811523,65.27909851074219,3742.25634765625,10.300000190734863,,,,1.165502497913642,No Data
Zimbabwe,Africa,2026-07-19,266436.0,5740.0,16580.682,357.2082,16069061.0,41.53822326660156,17.683000564575195,62.36009979248047,5529.23291015625,1.5,1.950000047683716,,,2.154363524448648,No Data
