date,reproduction_rate
2020-01-01,
2020-01-02,
2020-01-03,
2020-01-04,
2020-01-05,
2020-01-06,
2020-01-07,
2020-01-08,
2020-01-09,
2020-01-10,
2020-01-11,
2020-01-12,
2020-01-13,
2020-01-14,
2020-01-15,
2020-01-16,
2020-01-17,
2020-01-18,
2020-01-19,
2020-01-20,
2020-01-21,
2020-01-22,
2020-01-23,3.0985
2020-01-24,3.3029
2020-01-25,3.49005
2020-01-26,3.5715500000000002
2020-01-27,3.62965
2020-01-28,3.62945
2020-01-29,3.27515
2020-01-30,3.04445
2020-01-31,2.82
2020-02-01,2.67755
2020-02-02,2.58175
2020-02-03,2.34585
2020-02-04,2.1060499999999998
2020-02-05,1.96935
2020-02-06,1.7464
2020-02-07,1.62155
2020-02-08,1.5029
2020-02-09,1.4267500000000002
2020-02-10,1.41235
2020-02-11,1.4217
2020-02-12,1.5684
2020-02-13,1.7690000000000001
2020-02-14,1.50715
2020-02-15,1.20665
2020-02-16,0.9773499999999999
2020-02-17,0.81745
2020-02-18,0.67535
2020-02-19,0.5843
2020-02-20,0.47885
2020-02-21,2.2684
2020-02-22,1.9510750000000001
2020-02-23,1.634425
2020-02-24,1.8467399999999998
2020-02-25,1.72178
2020-02-26,1.72928
2020-02-27,2.254516666666667
2020-02-28,2.1559833333333334
2020-02-29,2.0998666666666668
2020-03-01,2.05595
2020-03-02,2.1048222222222224
2020-03-03,2.1470363636363636
2020-03-04,2.0544727272727275
2020-03-05,2.1292500000000003
2020-03-06,2.2096714285714287
2020-03-07,2.226364705882353
2020-03-08,2.1754470588235293
2020-03-09,2.1552
2020-03-10,2.1488684210526316
2020-03-11,2.1245000000000003
2020-03-12,2.0353559999999997
2020-03-13,2.004515384615385
2020-03-14,1.9784818181818182
2020-03-15,1.9184976190476188
2020-03-16,1.9268744680851064
2020-03-17,1.9125255319148937
2020-03-18,1.8938901960784313
2020-03-19,1.8736543859649122
2020-03-20,1.889857142857143
2020-03-21,1.8551507462686567
2020-03-22,1.8271169014084507
2020-03-23,1.7619564102564103
2020-03-24,1.708725925925926
2020-03-25,1.6370511627906976
2020-03-26,1.6043056818181818
2020-03-27,1.5633510638297874
2020-03-28,1.5380178947368421
2020-03-29,1.5064826530612245
2020-03-30,1.4494442307692308
2020-03-31,1.4294801886792452
2020-04-01,1.3922472727272728
2020-04-02,1.3622846846846846
2020-04-03,1.32735625
2020-04-04,1.2981858407079645
2020-04-05,1.2569205128205128
2020-04-06,1.2340376068376067
2020-04-07,1.22165593220339
2020-04-08,1.1991508474576271
2020-04-09,1.1816159663865546
2020-04-10,1.1602516666666667
2020-04-11,1.1433776859504132
2020-04-12,1.1269795081967213
2020-04-13,1.1140528455284553
2020-04-14,1.0987967479674796
2020-04-15,1.0852284552845528
2020-04-16,1.0717632000000001
2020-04-17,1.0580344
2020-04-18,1.041009375
2020-04-19,1.0227542635658915
2020-04-20,1.0079123076923078
2020-04-21,0.9965292307692307
2020-04-22,0.9893725190839694
2020-04-23,0.979944696969697
2020-04-24,0.978293984962406
2020-04-25,0.967489552238806
2020-04-26,0.960329104477612
2020-04-27,0.9540348148148149
2020-04-28,0.9499659259259259
2020-04-29,0.947645588235294
2020-04-30,0.9460021739130435
2020-05-01,0.9470114285714286
2020-05-02,0.9494635714285715
2020-05-03,0.955758865248227
2020-05-04,0.9593375886524823
2020-05-05,0.9743880281690142
2020-05-06,0.9723776223776225
2020-05-07,0.9758027586206897
2020-05-08,0.9804884353741496
2020-05-09,0.9834261744966443
2020-05-10,0.9836778523489934
2020-05-11,0.9784333333333333
2020-05-12,0.975546357615894
2020-05-13,0.973971523178808
2020-05-14,0.9746158940397351
2020-05-15,0.9734701986754967
2020-05-16,0.9757855263157895
2020-05-17,0.9769869281045752
2020-05-18,0.981632679738562
2020-05-19,0.9836359477124182
2020-05-20,0.9841201298701298
2020-05-21,0.981911038961039
2020-05-22,0.982889677419355
2020-05-23,0.9849825806451613
2020-05-24,0.9824653846153846
2020-05-25,0.9840461538461539
2020-05-26,0.9866348101265822
2020-05-27,0.9919607594936709
2020-05-28,0.994967924528302
2020-05-29,0.9959199999999999
2020-05-30,0.990524375
2020-05-31,0.9875099378881989
2020-06-01,0.9867993788819875
2020-06-02,0.9857049689440993
2020-06-03,0.9850304347826087
2020-06-04,0.9861391304347827
2020-06-05,0.988576397515528
2020-06-06,0.9919701863354037
2020-06-07,0.9928030864197531
2020-06-08,0.992541975308642
2020-06-09,0.9959067901234568
2020-06-10,0.9991111111111111
2020-06-11,1.0002484662576687
2020-06-12,1.0049398773006135
2020-06-13,1.0111429447852762
2020-06-14,1.0166895705521473
2020-06-15,1.0195110429447851
2020-06-16,1.0178536585365854
2020-06-17,1.0197430303030304
2020-06-18,1.0219575757575756
2020-06-19,1.0228248484848486
2020-06-20,1.0226333333333333
2020-06-21,1.0224424242424242
2020-06-22,1.0218524096385542
2020-06-23,1.026278313253012
2020-06-24,1.028077108433735
2020-06-25,1.0291692771084338
2020-06-26,1.0315724550898204
2020-06-27,1.0294119760479041
2020-06-28,1.024914371257485
2020-06-29,1.020731137724551
2020-06-30,1.0175833333333333
2020-07-01,1.014435119047619
2020-07-02,1.0125738095238095
2020-07-03,1.0138833333333335
2020-07-04,1.0141952380952381
2020-07-05,1.0131434523809524
2020-07-06,1.0109529761904763
2020-07-07,1.0097077380952382
2020-07-08,1.0074142857142856
2020-07-09,1.007314880952381
2020-07-10,1.0074378698224853
2020-07-11,1.0015776470588236
2020-07-12,0.9970953216374269
2020-07-13,0.9957508771929825
2020-07-14,0.993908187134503
2020-07-15,0.9951976608187134
2020-07-16,0.9983280701754386
2020-07-17,0.9996883040935672
2020-07-18,1.0034064327485381
2020-07-19,1.0067076023391812
2020-07-20,1.0100584795321637
2020-07-21,1.0163656976744186
2020-07-22,1.0190203488372094
2020-07-23,1.0196639534883722
2020-07-24,1.0219377906976745
2020-07-25,1.02379011627907
2020-07-26,1.027582558139535
2020-07-27,1.0297936046511629
2020-07-28,1.0302895348837209
2020-07-29,1.0286075581395349
2020-07-30,1.0258552325581396
2020-07-31,1.0180023121387283
2020-08-01,1.0151959537572253
2020-08-02,1.0129462427745666
2020-08-03,1.012583908045977
2020-08-04,1.0114477011494252
2020-08-05,1.0113505747126437
2020-08-06,1.009917816091954
2020-08-07,1.0133154285714285
2020-08-08,1.0119874285714285
2020-08-09,1.0118771428571427
2020-08-10,1.0124234285714286
2020-08-11,1.0117171428571428
2020-08-12,1.0118942857142856
2020-08-13,1.0135685714285716
2020-08-14,1.014484
2020-08-15,1.0125114285714287
2020-08-16,1.007010857142857
2020-08-17,1.0014017142857141
2020-08-18,0.9980840000000001
2020-08-19,0.9944640000000001
2020-08-20,0.9911542857142857
2020-08-21,0.9873314285714285
2020-08-22,0.9800539772727273
2020-08-23,0.9764017045454545
2020-08-24,0.9731500000000001
2020-08-25,0.9698039772727273
2020-08-26,0.968
2020-08-27,0.9660698863636363
2020-08-28,0.965328409090909
2020-08-29,0.9659897727272727
2020-08-30,0.9679164772727272
2020-08-31,0.9697062499999999
2020-09-01,0.9708022727272727
2020-09-02,0.9719176136363636
2020-09-03,0.9741159090909091
2020-09-04,0.9765079545454545
2020-09-05,0.9803448863636363
2020-09-06,0.9848102272727274
2020-09-07,0.9900937499999999
2020-09-08,0.994621590909091
2020-09-09,0.9979295454545455
2020-09-10,1.0005681818181817
2020-09-11,1.0021329545454547
2020-09-12,1.0021397727272727
2020-09-13,1.0025869318181817
2020-09-14,1.0018272727272726
2020-09-15,1.0011142045454546
2020-09-16,1.0006602272727272
2020-09-17,0.9994528409090908
2020-09-18,0.9986147727272727
2020-09-19,0.9983846590909091
2020-09-20,0.9976721590909091
2020-09-21,0.9952670454545455
2020-09-22,0.992628409090909
2020-09-23,0.990147159090909
2020-09-24,0.9883863636363636
2020-09-25,0.9875971590909092
2020-09-26,0.9877227272727273
2020-09-27,0.9884437500000001
2020-09-28,0.9874033898305085
2020-09-29,0.991390395480226
2020-09-30,0.9955146892655367
2020-10-01,1.0010757062146893
2020-10-02,1.0082440677966102
2020-10-03,1.0147830508474576
2020-10-04,1.0217367231638417
2020-10-05,1.0283915254237288
2020-10-06,1.0340892655367233
2020-10-07,1.0383559322033897
2020-10-08,1.0422661016949153
2020-10-09,1.0458282485875707
2020-10-10,1.0492994350282485
2020-10-11,1.0520745762711865
2020-10-12,1.0545768361581922
2020-10-13,1.0574265536723164
2020-10-14,1.0620864406779662
2020-10-15,1.065345197740113
2020-10-16,1.0685994350282486
2020-10-17,1.0700920903954803
2020-10-18,1.0703864406779662
2020-10-19,1.0711536723163841
2020-10-20,1.0725768361581922
2020-10-21,1.0737920903954803
2020-10-22,1.0744152542372882
2020-10-23,1.0729853107344631
2020-10-24,1.0704457627118644
2020-10-25,1.0680903954802259
2020-10-26,1.0659485875706214
2020-10-27,1.0623497175141243
2020-10-28,1.0595423728813558
2020-10-29,1.0558542372881357
2020-10-30,1.0524807909604519
2020-10-31,1.050305649717514
2020-11-01,1.0502576271186441
2020-11-02,1.050610734463277
2020-11-03,1.0507491525423729
2020-11-04,1.0471960451977402
2020-11-05,1.042764606741573
2020-11-06,1.0378769662921348
2020-11-07,1.0345612359550562
2020-11-08,1.0310848314606742
2020-11-09,1.0280162921348315
2020-11-10,1.0251780898876404
2020-11-11,1.0236393258426966
2020-11-12,1.0212022471910112
2020-11-13,1.0201342696629214
2020-11-14,1.0184477528089888
2020-11-15,1.0162073033707864
2020-11-16,1.0141696629213484
2020-11-17,1.0125606741573034
2020-11-18,1.0116859550561796
2020-11-19,1.0119286516853934
2020-11-20,1.0138084269662921
2020-11-21,1.014829213483146
2020-11-22,1.014591011235955
2020-11-23,1.0132578651685393
2020-11-24,1.011941011235955
2020-11-25,1.0118629213483146
2020-11-26,1.0122859550561798
2020-11-27,1.010346629213483
2020-11-28,1.0072932584269663
2020-11-29,1.0050797752808989
2020-11-30,1.0028747191011236
2020-12-01,1.002015168539326
2020-12-02,1.0017185393258428
2020-12-03,1.0021095505617976
2020-12-04,1.003035393258427
2020-12-05,1.0046067415730338
2020-12-06,1.0053803370786516
2020-12-07,1.0055988764044943
2020-12-08,1.0042016853932583
2020-12-09,1.0041505617977529
2020-12-10,1.0041162921348314
2020-12-11,1.0046365168539326
2020-12-12,1.0045966292134831
2020-12-13,1.0030775280898876
2020-12-14,1.0028337078651686
2020-12-15,1.0032516853932585
2020-12-16,1.0030359550561798
2020-12-17,1.0019016759776536
2020-12-18,1.0017748603351955
2020-12-19,1.000426815642458
2020-12-20,0.9972206703910614
2020-12-21,0.9895922222222222
2020-12-22,0.98517
2020-12-23,0.9805050000000001
2020-12-24,0.9771172222222222
2020-12-25,0.9740922222222222
2020-12-26,0.9732894444444445
2020-12-27,0.975648888888889
2020-12-28,0.9812983333333334
2020-12-29,0.9873305555555556
2020-12-30,0.9913227777777778
2020-12-31,0.9924055555555557
2021-01-01,0.9909966666666666
2021-01-02,0.9921355555555554
2021-01-03,0.99924
2021-01-04,1.0060205555555555
2021-01-05,1.011335
2021-01-06,1.0142016666666667
2021-01-07,1.010053591160221
2021-01-08,1.0089027624309392
2021-01-09,1.006399447513812
2021-01-10,1.000031491712707
2021-01-11,0.9924613259668509
2021-01-12,0.9850430939226519
2021-01-13,0.9780292817679558
2021-01-14,0.9725939226519337
2021-01-15,0.9669729281767956
2021-01-16,0.9610629834254144
2021-01-17,0.9550972375690608
2021-01-18,0.9489790055248618
2021-01-19,0.9434375690607735
2021-01-20,0.939178453038674
2021-01-21,0.9366016574585635
2021-01-22,0.9354248618784531
2021-01-23,0.9346685082872929
2021-01-24,0.9348408839779005
2021-01-25,0.9343243093922652
2021-01-26,0.9337646408839779
2021-01-27,0.9324110497237569
2021-01-28,0.9302016574585635
2021-01-29,0.928813812154696
2021-01-30,0.9282475138121546
2021-01-31,0.9257237569060774
2021-02-01,0.923267955801105
2021-02-02,0.9212734806629833
2021-02-03,0.9190685082872929
2021-02-04,0.9180226519337017
2021-02-05,0.9184259668508287
2021-02-06,0.9183276243093922
2021-02-07,0.9181331491712706
2021-02-08,0.9181187845303866
2021-02-09,0.9180817679558011
2021-02-10,0.9177204419889503
2021-02-11,0.9175790055248618
2021-02-12,0.9157703296703297
2021-02-13,0.9166967032967033
2021-02-14,0.9197873626373626
2021-02-15,0.9232565934065934
2021-02-16,0.9250978021978021
2021-02-17,0.9294961538461538
2021-02-18,0.9347428571428571
2021-02-19,0.940171978021978
2021-02-20,0.946717032967033
2021-02-21,0.9528901098901098
2021-02-22,0.9577945054945055
2021-02-23,0.9625379120879122
2021-02-24,0.9661901098901099
2021-02-25,0.9692978021978023
2021-02-26,0.971979120879121
2021-02-27,0.9746554945054946
2021-02-28,0.9772357142857143
2021-03-01,0.9801648351648352
2021-03-02,0.9834478021978023
2021-03-03,0.985595054945055
2021-03-04,0.9873082417582417
2021-03-05,0.9896016483516483
2021-03-06,0.9921307692307693
2021-03-07,0.9944236263736264
2021-03-08,0.9970197802197803
2021-03-09,0.9998675824175824
2021-03-10,1.003735164835165
2021-03-11,1.0072813186813188
2021-03-12,1.0102296703296703
2021-03-13,1.012531868131868
2021-03-14,1.0145071428571428
2021-03-15,1.016636813186813
2021-03-16,1.0190725274725276
2021-03-17,1.0204868131868132
2021-03-18,1.0211263736263736
2021-03-19,1.0209076923076923
2021-03-20,1.0206565934065934
2021-03-21,1.0200252747252747
2021-03-22,1.0199428571428573
2021-03-23,1.0198774725274726
2021-03-24,1.020073076923077
2021-03-25,1.02034010989011
2021-03-26,1.021006043956044
2021-03-27,1.0205873626373627
2021-03-28,1.0198967032967032
2021-03-29,1.0192593406593407
2021-03-30,1.0174197802197802
2021-03-31,1.0157912087912087
2021-04-01,1.0130813186813186
2021-04-02,1.0095296703296703
2021-04-03,1.0058291208791208
2021-04-04,1.003167032967033
2021-04-05,1.001439010989011
2021-04-06,1.0022296703296703
2021-04-07,1.0029373626373628
2021-04-08,1.0039016483516485
2021-04-09,1.0028510989010988
2021-04-10,0.999706043956044
2021-04-11,0.9963758241758242
2021-04-12,0.9914472527472528
2021-04-13,0.986582967032967
2021-04-14,0.9817241758241758
2021-04-15,0.9776115384615385
2021-04-16,0.9752664835164836
2021-04-17,0.9726703296703297
2021-04-18,0.9695483516483516
2021-04-19,0.9660763736263736
2021-04-20,0.9625818681318681
2021-04-21,0.9589576923076923
2021-04-22,0.9549846153846153
2021-04-23,0.9498368131868131
2021-04-24,0.9520879781420765
2021-04-25,0.9470939890710381
2021-04-26,0.9420639344262296
2021-04-27,0.935738043478261
2021-04-28,0.9295092391304347
2021-04-29,0.9233505434782608
2021-04-30,0.9172157608695651
2021-05-01,0.9130201086956522
2021-05-02,0.909686956521739
2021-05-03,0.9062163043478261
2021-05-04,0.903032608695652
2021-05-05,0.9016108695652174
2021-05-06,0.9012755434782609
2021-05-07,0.901228804347826
2021-05-08,0.9005347826086956
2021-05-09,0.8989108695652174
2021-05-10,0.8962315217391305
2021-05-11,0.893050543478261
2021-05-12,0.8912081521739131
2021-05-13,0.8901608695652174
2021-05-14,0.8915407608695652
2021-05-15,0.8941326086956521
2021-05-16,0.8974451086956521
2021-05-17,0.9001972826086957
2021-05-18,0.9020304347826087
2021-05-19,0.9030831521739131
2021-05-20,0.904020652173913
2021-05-21,0.9045739130434782
2021-05-22,0.9050967391304348
2021-05-23,0.9041972826086956
2021-05-24,0.9039119565217391
2021-05-25,0.9045282608695652
2021-05-26,0.9042163043478261
2021-05-27,0.9044054347826086
2021-05-28,0.9044336956521739
2021-05-29,0.9039168478260869
2021-05-30,0.9046739130434783
2021-05-31,0.9052293478260869
2021-06-01,0.9063163043478262
2021-06-02,0.9071440217391304
2021-06-03,0.9064989130434782
2021-06-04,0.9064516304347826
2021-06-05,0.9067293478260869
2021-06-06,0.9063934782608696
2021-06-07,0.9061048913043478
2021-06-08,0.907271195652174
2021-06-09,0.9099472826086956
2021-06-10,0.9136016304347826
2021-06-11,0.9167972826086956
2021-06-12,0.9197923913043479
2021-06-13,0.9235827027027027
2021-06-14,0.9256762162162162
2021-06-15,0.926958918918919
2021-06-16,0.9296827027027027
2021-06-17,0.9335459459459459
2021-06-18,0.9389918918918919
2021-06-19,0.9450475675675676
2021-06-20,0.9518145945945946
2021-06-21,0.9601621621621621
2021-06-22,0.9684091891891892
2021-06-23,0.9756313513513514
2021-06-24,0.982345945945946
2021-06-25,0.9880648648648649
2021-06-26,0.9918243243243244
2021-06-27,0.9956145945945947
2021-06-28,1.000644864864865
2021-06-29,1.004695135135135
2021-06-30,1.0097302702702702
2021-07-01,1.0165794594594595
2021-07-02,1.0237356756756757
2021-07-03,1.0320978378378378
2021-07-04,1.0416654054054053
2021-07-05,1.0510043243243243
2021-07-06,1.0612227027027028
2021-07-07,1.0696897297297296
2021-07-08,1.0764427027027026
2021-07-09,1.081204864864865
2021-07-10,1.0828778378378379
2021-07-11,1.0840772972972974
2021-07-12,1.0858416216216216
2021-07-13,1.086642162162162
2021-07-14,1.0869151351351352
2021-07-15,1.0867362162162162
2021-07-16,1.0851778378378378
2021-07-17,1.0839448648648649
2021-07-18,1.0822054054054053
2021-07-19,1.0805502702702703
2021-07-20,1.0795735135135136
2021-07-21,1.0785378378378379
2021-07-22,1.078291891891892
2021-07-23,1.0800605405405406
2021-07-24,1.0837545945945946
2021-07-25,1.0861956756756757
2021-07-26,1.0884124324324325
2021-07-27,1.0890967741935484
2021-07-28,1.0877618279569892
2021-07-29,1.0846435483870966
2021-07-30,1.0805397849462366
2021-07-31,1.0767639784946237
2021-08-01,1.0731112903225808
2021-08-02,1.070074193548387
2021-08-03,1.0695430107526882
2021-08-04,1.0688870967741935
2021-08-05,1.0686037634408603
2021-08-06,1.0683381720430107
2021-08-07,1.0662908602150536
2021-08-08,1.065028494623656
2021-08-09,1.0630446236559141
2021-08-10,1.0611978494623655
2021-08-11,1.0607956989247311
2021-08-12,1.0589037634408602
2021-08-13,1.0566043010752688
2021-08-14,1.0533510752688173
2021-08-15,1.050286559139785
2021-08-16,1.047137634408602
2021-08-17,1.0447709677419355
2021-08-18,1.041786559139785
2021-08-19,1.0387978494623655
2021-08-20,1.035037634408602
2021-08-21,1.0314102150537634
2021-08-22,1.0282096774193548
2021-08-23,1.024908064516129
2021-08-24,1.021133870967742
2021-08-25,1.0166758064516128
2021-08-26,1.0109505376344086
2021-08-27,1.0050155913978494
2021-08-28,0.9998569892473118
2021-08-29,0.9932666666666667
2021-08-30,0.9867822580645162
2021-08-31,0.9799951612903226
2021-09-01,0.9747193548387096
2021-09-02,0.9699424731182795
2021-09-03,0.9654134408602151
2021-09-04,0.9612715053763441
2021-09-05,0.9579279569892473
2021-09-06,0.9546607526881721
2021-09-07,0.9514301075268817
2021-09-08,0.9473043010752689
2021-09-09,0.9438005376344085
2021-09-10,0.9414010752688171
2021-09-11,0.9399252688172043
2021-09-12,0.9386290322580646
2021-09-13,0.9362091397849461
2021-09-14,0.9322102150537634
2021-09-15,0.9276456989247313
2021-09-16,0.923733870967742
2021-09-17,0.9197258064516128
2021-09-18,0.9160123655913979
2021-09-19,0.911944623655914
2021-09-20,0.9078962365591398
2021-09-21,0.9030913978494624
2021-09-22,0.9000645161290323
2021-09-23,0.8984537634408603
2021-09-24,0.8972586021505375
2021-09-25,0.8961715053763442
2021-09-26,0.8944268817204302
2021-09-27,0.8922408602150539
2021-09-28,0.8903403225806451
2021-09-29,0.8890215053763441
2021-09-30,0.8890306451612904
2021-10-01,0.8891247311827957
2021-10-02,0.8885569892473119
2021-10-03,0.8883290322580645
2021-10-04,0.8889413978494624
2021-10-05,0.8895693548387097
2021-10-06,0.8898930107526882
2021-10-07,0.8894623655913978
2021-10-08,0.8890951612903226
2021-10-09,0.8893559139784946
2021-10-10,0.8908102150537635
2021-10-11,0.8913930107526882
2021-10-12,0.8936768817204301
2021-10-13,0.8957704301075269
2021-10-14,0.8981236559139785
2021-10-15,0.9008102150537635
2021-10-16,0.9038225806451612
2021-10-17,0.9075295698924731
2021-10-18,0.9110150537634409
2021-10-19,0.9137381720430107
2021-10-20,0.9159139784946237
2021-10-21,0.9187069892473119
2021-10-22,0.9216403225806451
2021-10-23,0.9236978494623656
2021-10-24,0.9248032258064516
2021-10-25,0.9261897849462365
2021-10-26,0.9271870967741935
2021-10-27,0.9279736559139785
2021-10-28,0.9284225806451613
2021-10-29,0.9293736559139785
2021-10-30,0.9295263440860214
2021-10-31,0.9294010752688173
2021-11-01,0.9286064516129032
2021-11-02,0.9287629032258065
2021-11-03,0.9296354838709678
2021-11-04,0.9313752688172043
2021-11-05,0.9325112903225807
2021-11-06,0.9342177419354839
2021-11-07,0.9336897849462366
2021-11-08,0.932758064516129
2021-11-09,0.9306806451612905
2021-11-10,0.930355376344086
2021-11-11,0.92877688172043
2021-11-12,0.9277516129032258
2021-11-13,0.9282693548387096
2021-11-14,0.9287650537634409
2021-11-15,0.9296413978494623
2021-11-16,0.9301860215053763
2021-11-17,0.9308236559139784
2021-11-18,0.9317381720430108
2021-11-19,0.9343978494623656
2021-11-20,0.9384392473118279
2021-11-21,0.9435591397849463
2021-11-22,0.9465978494623657
2021-11-23,0.9491661290322582
2021-11-24,0.9508822580645162
2021-11-25,0.9545317204301076
2021-11-26,0.959686559139785
2021-11-27,0.9661069892473118
2021-11-28,0.9736096774193548
2021-11-29,0.9824494623655914
2021-11-30,0.9873956989247311
2021-12-01,0.9908935483870968
2021-12-02,0.9939612903225806
2021-12-03,0.9966166666666667
2021-12-04,0.9975822580645161
2021-12-05,0.9999155913978494
2021-12-06,1.0014682795698924
2021-12-07,1.0032403225806452
2021-12-08,1.006662365591398
2021-12-09,1.0122752688172043
2021-12-10,1.0191650537634407
2021-12-11,1.028118817204301
2021-12-12,1.0375010752688172
2021-12-13,1.0464822580645161
2021-12-14,1.0590198924731182
2021-12-15,1.0710236559139785
2021-12-16,1.083455376344086
2021-12-17,1.0976413978494624
2021-12-18,1.110908064516129
2021-12-19,1.1249946236559139
2021-12-20,1.137883870967742
2021-12-21,1.1524844086021506
2021-12-22,1.1665440860215055
2021-12-23,1.1805096774193549
2021-12-24,1.1953575268817205
2021-12-25,1.2101118279569893
2021-12-26,1.224018817204301
2021-12-27,1.2427978494623657
2021-12-28,1.2627075268817203
2021-12-29,1.2816564516129032
2021-12-30,1.2944510752688172
2021-12-31,1.2999467741935484
2022-01-01,1.3007870967741937
2022-01-02,1.3038639784946235
2022-01-03,1.3127575268817204
2022-01-04,1.3241672043010753
2022-01-05,1.3298048387096775
2022-01-06,1.327783870967742
2022-01-07,1.3155962365591398
2022-01-08,1.3005258064516128
2022-01-09,1.2818494623655914
2022-01-10,1.2613693548387097
2022-01-11,1.2403908602150537
2022-01-12,1.2223876344086022
2022-01-13,1.2038618279569893
2022-01-14,1.1879924731182796
2022-01-15,1.1726387096774193
2022-01-16,1.1578301075268818
2022-01-17,1.142444623655914
2022-01-18,1.1351941176470588
2022-01-19,1.1226508021390373
2022-01-20,1.110714973262032
2022-01-21,1.0991160427807485
2022-01-22,1.0862267379679145
2022-01-23,1.0737989361702127
2022-01-24,1.0605718085106381
2022-01-25,1.0466962765957446
2022-01-26,1.0316382978723404
2022-01-27,1.0264573684210527
2022-01-28,1.0113831578947368
2022-01-29,0.9960605263157895
2022-01-30,0.9820473684210527
2022-01-31,0.9664789473684211
2022-02-01,0.9480757894736842
2022-02-02,0.9309357894736843
2022-02-03,0.9165415789473684
2022-02-04,0.9040136842105263
2022-02-05,0.8934610526315789
2022-02-06,0.8818068421052631
2022-02-07,0.8696200000000001
2022-02-08,0.8539226315789474
2022-02-09,0.8380594736842105
2022-02-10,0.8240973684210526
2022-02-11,0.8121731578947369
2022-02-12,0.8008110526315789
2022-02-13,0.7902473684210526
2022-02-14,0.7817722513089005
2022-02-15,0.7723335078534032
2022-02-16,0.7637424083769633
2022-02-17,0.7559748691099476
2022-02-18,0.7490146596858639
2022-02-19,0.7436989528795812
2022-02-20,0.7376104712041884
2022-02-21,0.7309214659685863
2022-02-22,0.7248884816753927
2022-02-23,0.7207397905759163
2022-02-24,0.7173989528795812
2022-02-25,0.7157078534031414
2022-02-26,0.7148633507853404
2022-02-27,0.7142848167539267
2022-02-28,0.7125162303664921
2022-03-01,0.7105465968586389
2022-03-02,0.7092020942408378
2022-03-03,0.7105188481675393
2022-03-04,0.712696335078534
2022-03-05,0.7139015706806282
2022-03-06,0.7145429319371728
2022-03-07,0.7149591623036649
2022-03-08,0.7159612565445027
2022-03-09,0.7174020942408377
2022-03-10,0.7202821989528796
2022-03-11,0.7305083333333333
2022-03-12,0.7339036458333333
2022-03-13,0.7367208333333334
2022-03-14,0.7393770833333333
2022-03-15,0.7430161458333333
2022-03-16,0.7468484375000001
2022-03-17,0.7475999999999999
2022-03-18,0.7493479166666667
2022-03-19,0.751390625
2022-03-20,0.7529328125
2022-03-21,0.7591854922279793
2022-03-22,0.7574139896373058
2022-03-23,0.7544927461139896
2022-03-24,0.7536968911917099
2022-03-25,0.7528761658031089
2022-03-26,0.7520388601036269
2022-03-27,0.7518896373056995
2022-03-28,0.7511492227979275
2022-03-29,0.749639896373057
2022-03-30,0.7498564766839377
2022-03-31,0.7480362694300519
2022-04-01,0.744380829015544
2022-04-02,0.7405082901554405
2022-04-03,0.7377305699481865
2022-04-04,0.7352860103626944
2022-04-05,0.7337647668393783
2022-04-06,0.7315347150259068
2022-04-07,0.7299471502590673
2022-04-08,0.7301202072538859
2022-04-09,0.7317673575129534
2022-04-10,0.7325435233160622
2022-04-11,0.7323958549222798
2022-04-12,0.7293766839378238
2022-04-13,0.7266067357512953
2022-04-14,0.72390103626943
2022-04-15,0.7227673575129534
2022-04-16,0.7245015544041451
2022-04-17,0.7263025906735752
2022-04-18,0.7282165803108808
2022-04-19,0.7347709844559586
2022-04-20,0.7395875647668394
2022-04-21,0.7428870466321242
2022-04-22,0.7452906735751296
2022-04-23,0.7456948186528498
2022-04-24,0.7453093264248704
2022-04-25,0.7459165803108807
2022-04-26,0.7459580310880829
2022-04-27,0.7448699481865284
2022-04-28,0.7451829015544041
2022-04-29,0.7448155440414508
2022-04-30,0.7431538860103627
2022-05-01,0.7427849740932642
2022-05-02,0.7425025906735752
2022-05-03,0.7442751295336788
2022-05-04,0.7522740932642487
2022-05-05,0.762340414507772
2022-05-06,0.7717880829015543
2022-05-07,0.7799253886010362
2022-05-08,0.785261139896373
2022-05-09,0.7885787564766839
2022-05-10,0.7877663212435234
2022-05-11,0.7858943005181348
2022-05-12,0.7848139896373056
2022-05-13,0.7818989637305699
2022-05-14,0.7798585492227978
2022-05-15,0.7786025906735751
2022-05-16,0.7777041450777202
2022-05-17,0.777020207253886
2022-05-18,0.7751834196891192
2022-05-19,0.7746113989637305
2022-05-20,0.7750269430051813
2022-05-21,0.7742481865284975
2022-05-22,0.7720528497409327
2022-05-23,0.7707191709844559
2022-05-24,0.7709616580310881
2022-05-25,0.7715507772020725
2022-05-26,0.7719269430051813
2022-05-27,0.7747284974093265
2022-05-28,0.777880829015544
2022-05-29,0.7812518134715026
2022-05-30,0.7859347150259066
2022-05-31,0.7910575129533679
2022-06-01,0.7968025906735752
2022-06-02,0.8020347150259067
2022-06-03,0.8082564766839379
2022-06-04,0.8148108808290155
2022-06-05,0.821779792746114
2022-06-06,0.8263295336787565
2022-06-07,0.8358419689119171
2022-06-08,0.8433108808290155
2022-06-09,0.8505673575129534
2022-06-10,0.8560269430051813
2022-06-11,0.8601943005181347
2022-06-12,0.8643772020725389
2022-06-13,0.8705746113989637
2022-06-14,0.8752248704663212
2022-06-15,0.8795108808290155
2022-06-16,0.8834155440414508
2022-06-17,0.887737305699482
2022-06-18,0.8927518134715026
2022-06-19,0.8997331606217617
2022-06-20,0.9063518134715026
2022-06-21,0.9153608247422681
2022-06-22,0.9186572164948454
2022-06-23,0.918960824742268
2022-06-24,0.9189407216494845
2022-06-25,0.9201046391752578
2022-06-26,0.9228840206185567
2022-06-27,0.9260999999999999
2022-06-28,0.927858762886598
2022-06-29,0.927968556701031
2022-06-30,0.9250505154639175
2022-07-01,0.9204231958762886
2022-07-02,0.9140123711340206
2022-07-03,0.908808762886598
2022-07-04,0.9063211340206185
2022-07-05,0.901810824742268
2022-07-06,0.8967226804123711
2022-07-07,0.8916871134020619
2022-07-08,0.8852845360824743
2022-07-09,0.8780695876288659
2022-07-10,0.8728123711340207
2022-07-11,0.8678773195876289
2022-07-12,0.8676195876288659
2022-07-13,0.8672969072164948
2022-07-14,0.8648922680412371
2022-07-15,0.8618381443298968
2022-07-16,0.8572567010309278
2022-07-17,0.8518041237113402
2022-07-18,0.8480623711340206
2022-07-19,0.8421371134020618
2022-07-20,0.8355036082474228
2022-07-21,0.8282
2022-07-22,0.8210438144329897
2022-07-23,0.8192210256410256
2022-07-24,0.8113389743589743
2022-07-25,0.8031153846153846
2022-07-26,0.7955866666666667
2022-07-27,0.7854876923076922
2022-07-28,0.77766
2022-07-29,0.7684533333333333
2022-07-30,0.7598876923076923
2022-07-31,0.7520102564102564
2022-08-01,0.7439128205128205
2022-08-02,0.73912
2022-08-03,0.7338656410256411
2022-08-04,0.7303138461538462
2022-08-05,0.7275461538461538
2022-08-06,0.724828717948718
2022-08-07,0.721137435897436
2022-08-08,0.7172000000000001
2022-08-09,0.7126507692307693
2022-08-10,0.7187831632653061
2022-08-11,0.7173989795918367
2022-08-12,0.716525
2022-08-13,0.7162760204081632
2022-08-14,0.7147602040816325
2022-08-15,0.7116204081632653
2022-08-16,0.7082464285714286
2022-08-17,0.7070260204081633
2022-08-18,0.7046602040816328
2022-08-19,0.7025520408163265
2022-08-20,0.6993178571428572
2022-08-21,0.6963015306122449
2022-08-22,0.6933811224489796
2022-08-23,0.6894892857142858
2022-08-24,0.687315306122449
2022-08-25,0.6871688775510204
2022-08-26,0.6842632653061225
2022-08-27,0.6817862244897959
2022-08-28,0.6797591836734693
2022-08-29,0.6777352040816326
2022-08-30,0.6771454081632653
2022-08-31,0.675240306122449
2022-09-01,0.6728147959183673
2022-09-02,0.6705607142857143
2022-09-03,0.6697158163265305
2022-09-04,0.6691571428571428
2022-09-05,0.6673
2022-09-06,0.663955612244898
2022-09-07,0.6619362244897958
2022-09-08,0.6613142857142857
2022-09-09,0.6649413265306122
2022-09-10,0.6686474489795918
2022-09-11,0.6716326530612244
2022-09-12,0.6742852040816326
2022-09-13,0.6753586734693877
2022-09-14,0.676259693877551
2022-09-15,0.6740887755102041
2022-09-16,0.6727306122448979
2022-09-17,0.6725418367346938
2022-09-18,0.6725071428571429
2022-09-19,0.671073469387755
2022-09-20,0.6701117346938776
2022-09-21,0.6695260204081633
2022-09-22,0.6686923469387756
2022-09-23,0.6679469387755101
2022-09-24,0.6677158163265305
2022-09-25,0.6674255102040817
2022-09-26,0.6688433673469387
2022-09-27,0.6686051020408164
2022-09-28,0.6657239795918367
2022-09-29,0.664209693877551
2022-09-30,0.6612142857142858
2022-10-01,0.656675
2022-10-02,0.6513821428571429
2022-10-03,0.6488668367346938
2022-10-04,0.6491780612244898
2022-10-05,0.6470867346938776
2022-10-06,0.6450168367346939
2022-10-07,0.6423673469387755
2022-10-08,0.639329081632653
2022-10-09,0.6377224489795918
2022-10-10,0.6363392857142857
2022-10-11,0.6338178571428572
2022-10-12,0.631645918367347
2022-10-13,0.6298061224489796
2022-10-14,0.6262770408163265
2022-10-15,0.622680612244898
2022-10-16,0.6192693877551021
2022-10-17,0.6147255102040816
2022-10-18,0.6115938775510203
2022-10-19,0.6081739795918367
2022-10-20,0.6036112244897959
2022-10-21,0.6001867346938775
2022-10-22,0.5992566326530613
2022-10-23,0.6000147959183674
2022-10-24,0.6012918367346939
2022-10-25,0.6000178571428572
2022-10-26,0.5977433673469388
2022-10-27,0.5942127551020409
2022-10-28,0.5930045918367347
2022-10-29,0.5927943877551021
2022-10-30,0.5926265306122449
2022-10-31,0.5906137755102041
2022-11-01,0.5883979591836735
2022-11-02,0.5878780612244897
2022-11-03,0.5914933673469388
2022-11-04,0.5937316326530612
2022-11-05,0.5955331632653061
2022-11-06,0.596136040609137
2022-11-07,0.5972335025380711
2022-11-08,0.5952289340101522
2022-11-09,0.5958096446700507
2022-11-10,0.5954817258883248
2022-11-11,0.5954918781725888
2022-11-12,0.5967441624365483
2022-11-13,0.5965812182741117
2022-11-14,0.5974532994923858
2022-11-15,0.5989152284263959
2022-11-16,0.5983467005076143
2022-11-17,0.5987928934010152
2022-11-18,0.5988131979695431
2022-11-19,0.5975492385786803
2022-11-20,0.5985680203045686
2022-11-21,0.5978365482233502
2022-11-22,0.5966238578680203
2022-11-23,0.5954030456852791
2022-11-24,0.5939121827411167
2022-11-25,0.5954390862944162
2022-11-26,0.5969289340101522
2022-11-27,0.5984208121827411
2022-11-28,0.5996060913705584
2022-11-29,0.6011309644670051
2022-11-30,0.6022969543147209
2022-12-01,0.6016736040609137
2022-12-02,0.601994923857868
2022-12-03,0.6021314720812183
2022-12-04,0.6008741116751269
2022-12-05,0.6001670050761422
2022-12-06,0.5978253807106598
2022-12-07,0.5943746192893401
2022-12-08,0.5908096446700507
2022-12-09,0.5854258883248731
2022-12-10,0.5795060913705584
2022-12-11,0.5757375634517766
2022-12-12,0.5727223350253807
2022-12-13,0.5693289340101523
2022-12-14,0.5648157360406091
2022-12-15,0.5590690355329949
2022-12-16,0.5518766497461929
2022-12-17,0.5469883248730965
2022-12-18,0.5415883248730964
2022-12-19,0.5364756345177665
2022-12-20,0.5315984771573604
2022-12-21,0.5262218274111675
2022-12-22,0.5211837563451777
2022-12-23,0.5154878172588833
2022-12-24,0.509128426395939
2022-12-25,0.5032055837563452
2022-12-26,0.4941005076142132
2022-12-27,0.48845177664974615
2022-12-28,0.4867807106598985
2022-12-29,0.4870786802030457
2022-12-30,0.48867766497461923
2022-12-31,0.48812385786802026
2023-01-01,0.4848279187817259
2023-01-02,0.4834431472081218
2023-01-03,
2023-01-04,
2023-01-05,
2023-01-06,
2023-01-07,
2023-01-08,
2023-01-09,
2023-01-10,
2023-01-11,
2023-01-12,
2023-01-13,
2023-01-14,
2023-01-15,
2023-01-16,
2023-01-17,
2023-01-18,
2023-01-19,
2023-01-20,
2023-01-21,
2023-01-22,
2023-01-23,
2023-01-24,
2023-01-25,
2023-01-26,
2023-01-27,
2023-01-28,
2023-01-29,
2023-01-30,
2023-01-31,
2023-02-01,
2023-02-02,
2023-02-03,
2023-02-04,
2023-02-05,
2023-02-06,
2023-02-07,
2023-02-08,
2023-02-09,
2023-02-10,
2023-02-11,
2023-02-12,
2023-02-13,
2023-02-14,
2023-02-15,
2023-02-16,
2023-02-17,
2023-02-18,
2023-02-19,
2023-02-20,
2023-02-21,
2023-02-22,
2023-02-23,
2023-02-24,
2023-02-25,
2023-02-26,
2023-02-27,
2023-02-28,
2023-03-01,
2023-03-02,
2023-03-03,
2023-03-04,
2023-03-05,
2023-03-06,
2023-03-07,
2023-03-08,
2023-03-09,
2023-03-10,
2023-03-11,
2023-03-12,
2023-03-13,
2023-03-14,
2023-03-15,
2023-03-16,
2023-03-17,
2023-03-18,
2023-03-19,
2023-03-20,
2023-03-21,
2023-03-22,
2023-03-23,
2023-03-24,
2023-03-25,
2023-03-26,
2023-03-27,
2023-03-28,
2023-03-29,
2023-03-30,
2023-03-31,
2023-04-01,
2023-04-02,
2023-04-03,
2023-04-04,
2023-04-05,
2023-04-06,
2023-04-07,
2023-04-08,
2023-04-09,
2023-04-10,
2023-04-11,
2023-04-12,
2023-04-13,
2023-04-14,
2023-04-15,
2023-04-16,
2023-04-17,
2023-04-18,
2023-04-19,
2023-04-20,
2023-04-21,
2023-04-22,
2023-04-23,
2023-04-24,
2023-04-25,
2023-04-26,
2023-04-27,
2023-04-28,
2023-04-29,
2023-04-30,
2023-05-01,
2023-05-02,
2023-05-03,
2023-05-04,
2023-05-05,
2023-05-06,
2023-05-07,
2023-05-08,
2023-05-09,
2023-05-10,
2023-05-11,
2023-05-12,
2023-05-13,
2023-05-14,
2023-05-15,
2023-05-16,
2023-05-17,
2023-05-18,
2023-05-19,
2023-05-20,
2023-05-21,
2023-05-22,
2023-05-23,
2023-05-24,
2023-05-25,
2023-05-26,
2023-05-27,
2023-05-28,
2023-05-29,
2023-05-30,
2023-05-31,
2023-06-01,
2023-06-02,
2023-06-03,
2023-06-04,
2023-06-05,
2023-06-06,
2023-06-07,
2023-06-08,
2023-06-09,
2023-06-10,
2023-06-11,
2023-06-12,
2023-06-13,
2023-06-14,
2023-06-15,
2023-06-16,
2023-06-17,
2023-06-18,
2023-06-19,
2023-06-20,
2023-06-21,
2023-06-22,
2023-06-23,
2023-06-24,
2023-06-25,
2023-06-26,
2023-06-27,
2023-06-28,
2023-06-29,
2023-06-30,
2023-07-01,
2023-07-02,
2023-07-03,
2023-07-04,
2023-07-05,
2023-07-06,
2023-07-07,
2023-07-08,
2023-07-09,
2023-07-10,
2023-07-11,
2023-07-12,
2023-07-13,
2023-07-14,
2023-07-15,
2023-07-16,
2023-07-17,
2023-07-18,
2023-07-19,
2023-07-20,
2023-07-21,
2023-07-22,
2023-07-23,
2023-07-24,
2023-07-25,
2023-07-26,
2023-07-27,
2023-07-28,
2023-07-29,
2023-07-30,
2023-07-31,
2023-08-01,
2023-08-02,
2023-08-03,
2023-08-04,
2023-08-05,
2023-08-06,
2023-08-07,
2023-08-08,
2023-08-09,
2023-08-10,
2023-08-11,
2023-08-12,
2023-08-13,
2023-08-14,
2023-08-15,
2023-08-16,
2023-08-17,
2023-08-18,
2023-08-19,
2023-08-20,
2023-08-21,
2023-08-22,
2023-08-23,
2023-08-24,
2023-08-25,
2023-08-26,
2023-08-27,
2023-08-28,
2023-08-29,
2023-08-30,
2023-08-31,
2023-09-01,
2023-09-02,
2023-09-03,
2023-09-04,
2023-09-05,
2023-09-06,
2023-09-07,
2023-09-08,
2023-09-09,
2023-09-10,
2023-09-11,
2023-09-12,
2023-09-13,
2023-09-14,
2023-09-15,
2023-09-16,
2023-09-17,
2023-09-18,
2023-09-19,
2023-09-20,
2023-09-21,
2023-09-22,
2023-09-23,
2023-09-24,
2023-09-25,
2023-09-26,
2023-09-27,
2023-09-28,
2023-09-29,
2023-09-30,
2023-10-01,
2023-10-02,
2023-10-03,
2023-10-04,
2023-10-05,
2023-10-06,
2023-10-07,
2023-10-08,
2023-10-09,
2023-10-10,
2023-10-11,
2023-10-12,
2023-10-13,
2023-10-14,
2023-10-15,
2023-10-16,
2023-10-17,
2023-10-18,
2023-10-19,
2023-10-20,
2023-10-21,
2023-10-22,
2023-10-23,
2023-10-24,
2023-10-25,
2023-10-26,
2023-10-27,
2023-10-28,
2023-10-29,
2023-10-30,
2023-10-31,
2023-11-01,
2023-11-02,
2023-11-03,
2023-11-04,
2023-11-05,
2023-11-06,
2023-11-07,
2023-11-08,
2023-11-09,
2023-11-10,
2023-11-11,
2023-11-12,
2023-11-13,
2023-11-14,
2023-11-15,
2023-11-16,
2023-11-17,
2023-11-18,
2023-11-19,
2023-11-20,
2023-11-21,
2023-11-22,
2023-11-23,
2023-11-24,
2023-11-25,
2023-11-26,
2023-11-27,
2023-11-28,
2023-11-29,
2023-11-30,
2023-12-01,
2023-12-02,
2023-12-03,
2023-12-04,
2023-12-05,
2023-12-06,
2023-12-07,
2023-12-08,
2023-12-09,
2023-12-10,
2023-12-11,
2023-12-12,
2023-12-13,
2023-12-14,
2023-12-15,
2023-12-16,
2023-12-17,
2023-12-18,
2023-12-19,
2023-12-20,
2023-12-21,
2023-12-22,
2023-12-23,
2023-12-24,
2023-12-25,
2023-12-26,
2023-12-27,
2023-12-28,
2023-12-29,
2023-12-30,
2023-12-31,
2024-01-01,
2024-01-02,
2024-01-03,
2024-01-04,
2024-01-05,
2024-01-06,
2024-01-07,
2024-01-08,
2024-01-09,
2024-01-10,
2024-01-11,
2024-01-12,
2024-01-13,
2024-01-14,
2024-01-15,
2024-01-16,
2024-01-17,
2024-01-18,
2024-01-19,
2024-01-20,
2024-01-21,
2024-01-22,
2024-01-23,
2024-01-24,
2024-01-25,
2024-01-26,
2024-01-27,
2024-01-28,
2024-01-29,
2024-01-30,
2024-01-31,
2024-02-01,
2024-02-02,
2024-02-03,
2024-02-04,
2024-02-05,
2024-02-06,
2024-02-07,
2024-02-08,
2024-02-09,
2024-02-10,
2024-02-11,
2024-02-12,
2024-02-13,
2024-02-14,
2024-02-15,
2024-02-16,
2024-02-17,
2024-02-18,
2024-02-19,
2024-02-20,
2024-02-21,
2024-02-22,
2024-02-23,
2024-02-24,
2024-02-25,
2024-02-26,
2024-02-27,
2024-02-28,
2024-02-29,
2024-03-01,
2024-03-02,
2024-03-03,
2024-03-04,
2024-03-05,
2024-03-06,
2024-03-07,
2024-03-08,
2024-03-09,
2024-03-10,
2024-03-11,
2024-03-12,
2024-03-13,
2024-03-14,
2024-03-15,
2024-03-16,
2024-03-17,
2024-03-18,
2024-03-19,
2024-03-20,
2024-03-21,
2024-03-22,
2024-03-23,
2024-03-24,
2024-03-25,
2024-03-26,
2024-03-27,
2024-03-28,
2024-03-29,
2024-03-30,
2024-03-31,
2024-04-01,
2024-04-02,
2024-04-03,
2024-04-04,
2024-04-05,
2024-04-06,
2024-04-07,
2024-04-08,
2024-04-09,
2024-04-10,
2024-04-11,
2024-04-12,
2024-04-13,
2024-04-14,
2024-04-15,
2024-04-16,
2024-04-17,
2024-04-18,
2024-04-19,
2024-04-20,
2024-04-21,
2024-04-22,
2024-04-23,
2024-04-24,
2024-04-25,
2024-04-26,
2024-04-27,
2024-04-28,
2024-04-29,
2024-04-30,
2024-05-01,
2024-05-02,
2024-05-03,
2024-05-04,
2024-05-05,
2024-05-06,
2024-05-07,
2024-05-08,
2024-05-09,
2024-05-10,
2024-05-11,
2024-05-12,
2024-05-13,
2024-05-14,
2024-05-15,
2024-05-16,
2024-05-17,
2024-05-18,
2024-05-19,
2024-05-20,
2024-05-21,
2024-05-22,
2024-05-23,
2024-05-24,
2024-05-25,
2024-05-26,
2024-05-27,
2024-05-28,
2024-05-29,
2024-05-30,
2024-05-31,
2024-06-01,
2024-06-02,
2024-06-03,
2024-06-04,
2024-06-05,
2024-06-06,
2024-06-07,
2024-06-08,
2024-06-09,
2024-06-10,
2024-06-11,
2024-06-12,
2024-06-13,
2024-06-14,
2024-06-15,
2024-06-16,
2024-06-17,
2024-06-18,
2024-06-19,
2024-06-20,
2024-06-21,
2024-06-22,
2024-06-23,
2024-06-24,
2024-06-25,
2024-06-26,
2024-06-27,
2024-06-28,
2024-06-29,
2024-06-30,
2024-07-01,
2024-07-02,
2024-07-03,
2024-07-04,
2024-07-05,
2024-07-06,
2024-07-07,
2024-07-08,
2024-07-09,
2024-07-10,
2024-07-11,
2024-07-12,
2024-07-13,
2024-07-14,
2024-07-15,
2024-07-16,
2024-07-17,
2024-07-18,
2024-07-19,
2024-07-20,
2024-07-21,
2024-07-22,
2024-07-23,
2024-07-24,
2024-07-25,
2024-07-26,
2024-07-27,
2024-07-28,
2024-07-29,
2024-07-30,
2024-07-31,
2024-08-01,
2024-08-02,
2024-08-03,
2024-08-04,
2024-08-05,
2024-08-06,
2024-08-07,
2024-08-08,
2024-08-09,
2024-08-10,
2024-08-11,
2024-08-12,
2024-08-13,
2024-08-14,
2024-08-15,
2024-08-16,
2024-08-17,
2024-08-18,
2024-08-19,
2024-08-20,
2024-08-21,
2024-08-22,
2024-08-23,
2024-08-24,
2024-08-25,
2024-08-26,
2024-08-27,
2024-08-28,
2024-08-29,
2024-08-30,
2024-08-31,
2024-09-01,
2024-09-02,
2024-09-03,
2024-09-04,
2024-09-05,
2024-09-06,
2024-09-07,
2024-09-08,
2024-09-09,
2024-09-10,
2024-09-11,
2024-09-12,
2024-09-13,
2024-09-14,
2024-09-15,
2024-09-16,
2024-09-17,
2024-09-18,
2024-09-19,
2024-09-20,
2024-09-21,
2024-09-22,
2024-09-23,
2024-09-24,
2024-09-25,
2024-09-26,
2024-09-27,
2024-09-28,
2024-09-29,
2024-09-30,
2024-10-01,
2024-10-02,
2024-10-03,
2024-10-04,
2024-10-05,
2024-10-06,
2024-10-07,
2024-10-08,
2024-10-09,
2024-10-10,
2024-10-11,
2024-10-12,
2024-10-13,
2024-10-14,
2024-10-15,
2024-10-16,
2024-10-17,
2024-10-18,
2024-10-19,
2024-10-20,
2024-10-21,
2024-10-22,
2024-10-23,
2024-10-24,
2024-10-25,
2024-10-26,
2024-10-27,
2024-10-28,
2024-10-29,
2024-10-30,
2024-10-31,
2024-11-01,
2024-11-02,
2024-11-03,
2024-11-04,
2024-11-05,
2024-11-06,
2024-11-07,
2024-11-08,
2024-11-09,
2024-11-10,
2024-11-11,
2024-11-12,
2024-11-13,
2024-11-14,
2024-11-15,
2024-11-16,
2024-11-17,
2024-11-18,
2024-11-19,
2024-11-20,
2024-11-21,
2024-11-22,
2024-11-23,
2024-11-24,
2024-11-25,
2024-11-26,
2024-11-27,
2024-11-28,
2024-11-29,
2024-11-30,
2024-12-01,
2024-12-02,
2024-12-03,
2024-12-04,
2024-12-05,
2024-12-06,
2024-12-07,
2024-12-08,
2024-12-09,
2024-12-10,
2024-12-11,
2024-12-12,
2024-12-13,
2024-12-14,
2024-12-15,
2024-12-16,
2024-12-17,
2024-12-18,
2024-12-19,
2024-12-20,
2024-12-21,
2024-12-22,
2024-12-23,
2024-12-24,
2024-12-25,
2024-12-26,
2024-12-27,
2024-12-28,
2024-12-29,
2024-12-30,
2024-12-31,
2025-01-01,
2025-01-02,
2025-01-03,
2025-01-04,
2025-01-05,
2025-01-06,
2025-01-07,
2025-01-08,
2025-01-09,
2025-01-10,
2025-01-11,
2025-01-12,
2025-01-13,
2025-01-14,
2025-01-15,
2025-01-16,
2025-01-17,
2025-01-18,
2025-01-19,
2025-01-20,
2025-01-21,
2025-01-22,
2025-01-23,
2025-01-24,
2025-01-25,
2025-01-26,
2025-01-27,
2025-01-28,
2025-01-29,
2025-01-30,
2025-01-31,
2025-02-01,
2025-02-02,
2025-02-03,
2025-02-04,
2025-02-05,
2025-02-06,
2025-02-07,
2025-02-08,
2025-02-09,
2025-02-10,
2025-02-11,
2025-02-12,
2025-02-13,
2025-02-14,
2025-02-15,
2025-02-16,
2025-02-17,
2025-02-18,
2025-02-19,
2025-02-20,
2025-02-21,
2025-02-22,
2025-02-23,
2025-02-24,
2025-02-25,
2025-02-26,
2025-02-27,
2025-02-28,
2025-03-01,
2025-03-02,
2025-03-03,
2025-03-04,
2025-03-05,
2025-03-06,
2025-03-07,
2025-03-08,
2025-03-09,
2025-03-10,
2025-03-11,
2025-03-12,
2025-03-13,
2025-03-14,
2025-03-15,
2025-03-16,
2025-03-17,
2025-03-18,
2025-03-19,
2025-03-20,
2025-03-21,
2025-03-22,
2025-03-23,
2025-03-24,
2025-03-25,
2025-03-26,
2025-03-27,
2025-03-28,
2025-03-29,
2025-03-30,
2025-03-31,
2025-04-01,
2025-04-02,
2025-04-03,
2025-04-04,
2025-04-05,
2025-04-06,
2025-04-07,
2025-04-08,
2025-04-09,
2025-04-10,
2025-04-11,
2025-04-12,
2025-04-13,
2025-04-14,
2025-04-15,
2025-04-16,
2025-04-17,
2025-04-18,
2025-04-19,
2025-04-20,
2025-04-21,
2025-04-22,
2025-04-23,
2025-04-24,
2025-04-25,
2025-04-26,
2025-04-27,
2025-04-28,
2025-04-29,
2025-04-30,
2025-05-01,
2025-05-02,
2025-05-03,
2025-05-04,
2025-05-05,
2025-05-06,
2025-05-07,
2025-05-08,
2025-05-09,
2025-05-10,
2025-05-11,
2025-05-12,
2025-05-13,
2025-05-14,
2025-05-15,
2025-05-16,
2025-05-17,
2025-05-18,
2025-05-19,
2025-05-20,
2025-05-21,
2025-05-22,
2025-05-23,
2025-05-24,
2025-05-25,
2025-05-26,
2025-05-27,
2025-05-28,
2025-05-29,
2025-05-30,
2025-05-31,
2025-06-01,
2025-06-02,
2025-06-03,
2025-06-04,
2025-06-05,
2025-06-06,
2025-06-07,
2025-06-08,
2025-06-09,
2025-06-10,
2025-06-11,
2025-06-12,
2025-06-13,
2025-06-14,
2025-06-15,
2025-06-16,
2025-06-17,
2025-06-18,
2025-06-19,
2025-06-20,
2025-06-21,
2025-06-22,
2025-06-23,
2025-06-24,
2025-06-25,
2025-06-26,
2025-06-27,
2025-06-28,
2025-06-29,
2025-06-30,
2025-07-01,
2025-07-02,
2025-07-03,
2025-07-04,
2025-07-05,
2025-07-06,
2025-07-07,
2025-07-08,
2025-07-09,
2025-07-10,
2025-07-11,
2025-07-12,
2025-07-13,
2025-07-14,
2025-07-15,
2025-07-16,
2025-07-17,
2025-07-18,
2025-07-19,
2025-07-20,
2025-07-21,
2025-07-22,
2025-07-23,
2025-07-24,
2025-07-25,
2025-07-26,
2025-07-27,
2025-07-28,
2025-07-29,
2025-07-30,
2025-07-31,
2025-08-01,
2025-08-02,
2025-08-03,
2025-08-04,
2025-08-05,
2025-08-06,
2025-08-07,
2025-08-08,
2025-08-09,
2025-08-10,
2025-08-11,
2025-08-12,
2025-08-13,
2025-08-14,
2025-08-15,
2025-08-16,
2025-08-17,
2025-08-18,
2025-08-19,
2025-08-20,
2025-08-21,
2025-08-22,
2025-08-23,
2025-08-24,
2025-08-25,
2025-08-26,
2025-08-27,
2025-08-28,
2025-08-29,
2025-08-30,
2025-08-31,
2025-09-01,
2025-09-02,
2025-09-03,
2025-09-04,
2025-09-05,
2025-09-06,
2025-09-07,
2025-09-08,
2025-09-09,
2025-09-10,
2025-09-11,
2025-09-12,
2025-09-13,
2025-09-14,
2025-09-15,
2025-09-16,
2025-09-17,
2025-09-18,
2025-09-19,
2025-09-20,
2025-09-21,
2025-09-22,
2025-09-23,
2025-09-24,
2025-09-25,
2025-09-26,
2025-09-27,
2025-09-28,
2025-09-29,
2025-09-30,
2025-10-01,
2025-10-02,
2025-10-03,
2025-10-04,
2025-10-05,
2025-10-06,
2025-10-07,
2025-10-08,
2025-10-09,
2025-10-10,
2025-10-11,
2025-10-12,
2025-10-13,
2025-10-14,
2025-10-15,
2025-10-16,
2025-10-17,
2025-10-18,
2025-10-19,
2025-10-20,
2025-10-21,
2025-10-22,
2025-10-23,
2025-10-24,
2025-10-25,
2025-10-26,
2025-10-27,
2025-10-28,
2025-10-29,
2025-10-30,
2025-10-31,
2025-11-01,
2025-11-02,
2025-11-03,
2025-11-04,
2025-11-05,
2025-11-06,
2025-11-07,
2025-11-08,
2025-11-09,
2025-11-10,
2025-11-11,
2025-11-12,
2025-11-13,
2025-11-14,
2025-11-15,
2025-11-16,
2025-11-17,
2025-11-18,
2025-11-19,
2025-11-20,
2025-11-21,
2025-11-22,
2025-11-23,
2025-11-24,
2025-11-25,
2025-11-26,
2025-11-27,
2025-11-28,
2025-11-29,
2025-11-30,
2025-12-01,
2025-12-02,
2025-12-03,
2025-12-04,
2025-12-05,
2025-12-06,
2025-12-07,
2025-12-08,
2025-12-09,
2025-12-10,
2025-12-11,
2025-12-12,
2025-12-13,
2025-12-14,
2025-12-15,
2025-12-16,
2025-12-17,
2025-12-18,
2025-12-19,
2025-12-20,
2025-12-21,
2025-12-22,
2025-12-23,
2025-12-24,
2025-12-25,
2025-12-26,
2025-12-27,
2025-12-28,
2025-12-29,
2025-12-30,
2025-12-31,
2026-01-01,
2026-01-02,
2026-01-03,
2026-01-04,
2026-01-05,
2026-01-06,
2026-01-07,
2026-01-08,
2026-01-09,
2026-01-10,
2026-01-11,
2026-01-12,
2026-01-13,
2026-01-14,
2026-01-15,
2026-01-16,
2026-01-17,
2026-01-18,
2026-01-19,
2026-01-20,
2026-01-21,
2026-01-22,
2026-01-23,
2026-01-24,
2026-01-25,
2026-01-26,
2026-01-27,
2026-01-28,
2026-01-29,
2026-01-30,
2026-01-31,
2026-02-01,
2026-02-02,
2026-02-03,
2026-02-04,
2026-02-05,
2026-02-06,
2026-02-07,
2026-02-08,
2026-02-09,
2026-02-10,
2026-02-11,
2026-02-12,
2026-02-13,
2026-02-14,
2026-02-15,
2026-02-16,
2026-02-17,
2026-02-18,
2026-02-19,
2026-02-20,
2026-02-21,
2026-02-22,
2026-02-23,
2026-02-24,
2026-02-25,
2026-02-26,
2026-02-27,
2026-02-28,
2026-03-01,
2026-03-02,
2026-03-03,
2026-03-04,
2026-03-05,
2026-03-06,
2026-03-07,
2026-03-08,
2026-03-09,
2026-03-10,
2026-03-11,
2026-03-12,
2026-03-13,
2026-03-14,
2026-03-15,
2026-03-16,
2026-03-17,
2026-03-18,
2026-03-19,
2026-03-20,
2026-03-21,
2026-03-22,
2026-03-23,
2026-03-24,
2026-03-25,
2026-03-26,
2026-03-27,
2026-03-28,
2026-03-29,
2026-03-30,
2026-03-31,
2026-04-01,
2026-04-02,
2026-04-03,
2026-04-04,
2026-04-05,
2026-04-06,
2026-04-07,
2026-04-08,
2026-04-09,
2026-04-10,
2026-04-11,
2026-04-12,
2026-04-13,
2026-04-14,
2026-04-15,
2026-04-16,
2026-04-17,
2026-04-18,
2026-04-19,
2026-04-20,
2026-04-21,
2026-04-22,
2026-04-23,
2026-04-24,
2026-04-25,
2026-04-26,
2026-04-27,
2026-04-28,
2026-04-29,
2026-04-30,
2026-05-01,
2026-05-02,
2026-05-03,
2026-05-04,
2026-05-05,
2026-05-06,
2026-05-07,
2026-05-08,
2026-05-09,
2026-05-10,
2026-05-11,
2026-05-12,
2026-05-13,
2026-05-14,
2026-05-15,
2026-05-16,
2026-05-17,
2026-05-18,
2026-05-19,
2026-05-20,
2026-05-21,
2026-05-22,
2026-05-23,
2026-05-24,
2026-05-25,
2026-05-26,
2026-05-27,
2026-05-28,
2026-05-29,
2026-05-30,
2026-05-31,
2026-06-01,
2026-06-02,
2026-06-03,
2026-06-04,
2026-06-05,
2026-06-06,
2026-06-07,
2026-06-08,
2026-06-09,
2026-06-10,
2026-06-11,
2026-06-12,
2026-06-13,
2026-06-14,
2026-06-15,
2026-06-16,
2026-06-17,
2026-06-18,
2026-06-19,
2026-06-20,
2026-06-21,
2026-06-22,
2026-06-23,
2026-06-24,
2026-06-25,
2026-06-26,
2026-06-27,
2026-06-28,
2026-06-29,
2026-06-30,
2026-07-01,
2026-07-02,
2026-07-03,
2026-07-04,
2026-07-05,
2026-07-06,
2026-07-07,
2026-07-08,
2026-07-09,
2026-07-10,
2026-07-11,
2026-07-12,
2026-07-13,
2026-07-14,
2026-07-15,
2026-07-16,
2026-07-17,
2026-07-18,
2026-07-19,
